SET session_replication_role = replica;

--
-- PostgreSQL database dump
--

-- \restrict YdQMIEAC9xZuphA0ayed4QIYPF58Own0aDmZcZe9mDwsQEXuQ0PuhOpsCpHfRKv

-- Dumped from database version 17.6
-- Dumped by pg_dump version 17.6

SET statement_timeout = 0;
SET lock_timeout = 0;
SET idle_in_transaction_session_timeout = 0;
SET transaction_timeout = 0;
SET client_encoding = 'UTF8';
SET standard_conforming_strings = on;
SELECT pg_catalog.set_config('search_path', '', false);
SET check_function_bodies = false;
SET xmloption = content;
SET client_min_messages = warning;
SET row_security = off;

--
-- Data for Name: audit_log_entries; Type: TABLE DATA; Schema: auth; Owner: supabase_auth_admin
--

COPY "auth"."audit_log_entries" ("instance_id", "id", "payload", "created_at", "ip_address") FROM stdin;
\.


--
-- Data for Name: custom_oauth_providers; Type: TABLE DATA; Schema: auth; Owner: supabase_auth_admin
--

COPY "auth"."custom_oauth_providers" ("id", "provider_type", "identifier", "name", "client_id", "client_secret", "acceptable_client_ids", "scopes", "pkce_enabled", "attribute_mapping", "authorization_params", "enabled", "email_optional", "issuer", "discovery_url", "skip_nonce_check", "cached_discovery", "discovery_cached_at", "authorization_url", "token_url", "userinfo_url", "jwks_uri", "created_at", "updated_at") FROM stdin;
\.


--
-- Data for Name: flow_state; Type: TABLE DATA; Schema: auth; Owner: supabase_auth_admin
--

COPY "auth"."flow_state" ("id", "user_id", "auth_code", "code_challenge_method", "code_challenge", "provider_type", "provider_access_token", "provider_refresh_token", "created_at", "updated_at", "authentication_method", "auth_code_issued_at", "invite_token", "referrer", "oauth_client_state_id", "linking_target_id", "email_optional") FROM stdin;
\.


--
-- Data for Name: users; Type: TABLE DATA; Schema: auth; Owner: supabase_auth_admin
--

COPY "auth"."users" ("instance_id", "id", "aud", "role", "email", "encrypted_password", "email_confirmed_at", "invited_at", "confirmation_token", "confirmation_sent_at", "recovery_token", "recovery_sent_at", "email_change_token_new", "email_change", "email_change_sent_at", "last_sign_in_at", "raw_app_meta_data", "raw_user_meta_data", "is_super_admin", "created_at", "updated_at", "phone", "phone_confirmed_at", "phone_change", "phone_change_token", "phone_change_sent_at", "email_change_token_current", "email_change_confirm_status", "banned_until", "reauthentication_token", "reauthentication_sent_at", "is_sso_user", "deleted_at", "is_anonymous") FROM stdin;
00000000-0000-0000-0000-000000000000	6387968d-b204-4073-947e-365e3bedeac4	authenticated	authenticated	\N		\N	\N		\N		\N			\N	2026-04-22 03:49:23.47736+00	{}	{}	\N	2026-04-22 03:49:23.446904+00	2026-04-22 03:49:23.492701+00	\N	\N			\N		0	\N		\N	f	\N	t
00000000-0000-0000-0000-000000000000	2e2fb6d4-e75c-453f-ac2d-11fb1a19b53e	authenticated	authenticated	\N		\N	\N		\N		\N			\N	2026-04-22 04:04:31.730834+00	{}	{}	\N	2026-04-22 04:04:31.69821+00	2026-04-22 04:04:31.754001+00	\N	\N			\N		0	\N		\N	f	\N	t
00000000-0000-0000-0000-000000000000	e7507026-a0f5-4939-b400-e8d72ef1920f	authenticated	authenticated	\N		\N	\N		\N		\N			\N	2026-04-26 05:05:19.798564+00	{}	{}	\N	2026-04-26 05:05:19.736903+00	2026-04-26 23:50:58.128292+00	\N	\N			\N		0	\N		\N	f	\N	t
00000000-0000-0000-0000-000000000000	bccc16a3-0bad-4a2d-8985-88aa83cdf907	authenticated	authenticated	\N		\N	\N		\N		\N			\N	2026-04-22 04:06:10.579432+00	{}	{}	\N	2026-04-22 04:06:10.567087+00	2026-04-22 04:06:10.583437+00	\N	\N			\N		0	\N		\N	f	\N	t
00000000-0000-0000-0000-000000000000	3a1431af-60a8-4659-82c8-af265f45cdab	authenticated	authenticated	\N		\N	\N		\N		\N			\N	2026-04-22 04:06:34.00802+00	{}	{}	\N	2026-04-22 04:06:34.006057+00	2026-04-22 04:06:34.009631+00	\N	\N			\N		0	\N		\N	f	\N	t
00000000-0000-0000-0000-000000000000	39d7cfea-cac0-4533-ba54-17f28e657ab3	authenticated	authenticated	\N		\N	\N		\N		\N			\N	2026-04-22 12:13:38.201283+00	{}	{}	\N	2026-04-22 12:13:38.139756+00	2026-04-22 12:13:38.249522+00	\N	\N			\N		0	\N		\N	f	\N	t
00000000-0000-0000-0000-000000000000	bfb19604-9c14-41a3-b3ec-3e0b09e78db8	authenticated	authenticated	\N		\N	\N		\N		\N			\N	2026-04-22 04:07:56.816852+00	{}	{}	\N	2026-04-22 04:07:56.811945+00	2026-04-22 04:07:56.81945+00	\N	\N			\N		0	\N		\N	f	\N	t
00000000-0000-0000-0000-000000000000	3c5eb6a9-80c9-4759-bac6-897d009c70c6	authenticated	authenticated	\N		\N	\N		\N		\N			\N	2026-04-22 04:08:24.117759+00	{}	{}	\N	2026-04-22 04:08:24.115802+00	2026-04-22 04:08:24.119473+00	\N	\N			\N		0	\N		\N	f	\N	t
00000000-0000-0000-0000-000000000000	f30806ad-28a6-4aaa-bfc6-3aab767ba6a2	authenticated	authenticated	\N		\N	\N		\N		\N			\N	2026-04-23 00:13:46.604013+00	{}	{}	\N	2026-04-23 00:13:46.563672+00	2026-04-23 00:13:46.616302+00	\N	\N			\N		0	\N		\N	f	\N	t
00000000-0000-0000-0000-000000000000	e6739792-520a-4299-a022-a716f3ff378a	authenticated	authenticated	\N		\N	\N		\N		\N			\N	2026-04-22 04:09:39.816709+00	{}	{}	\N	2026-04-22 04:09:39.809155+00	2026-04-22 04:09:39.81933+00	\N	\N			\N		0	\N		\N	f	\N	t
00000000-0000-0000-0000-000000000000	bec22385-bb07-4cae-8565-0a96b2df8d8e	authenticated	authenticated	\N		\N	\N		\N		\N			\N	2026-04-22 12:13:38.201299+00	{}	{}	\N	2026-04-22 12:13:38.139741+00	2026-04-27 00:49:14.145131+00	\N	\N			\N		0	\N		\N	f	\N	t
00000000-0000-0000-0000-000000000000	6bf9ce28-b1fa-4b01-92e6-9cac8e8f22b2	authenticated	authenticated	\N		\N	\N		\N		\N			\N	2026-04-22 04:14:24.600449+00	{}	{}	\N	2026-04-22 04:14:24.574727+00	2026-04-22 04:14:24.610137+00	\N	\N			\N		0	\N		\N	f	\N	t
00000000-0000-0000-0000-000000000000	30557819-f56f-4f20-aaff-feda5172e70a	authenticated	authenticated	\N		\N	\N		\N		\N			\N	2026-04-22 04:21:03.064752+00	{}	{}	\N	2026-04-22 04:21:03.05139+00	2026-04-22 04:21:03.067454+00	\N	\N			\N		0	\N		\N	f	\N	t
00000000-0000-0000-0000-000000000000	b10ef9b5-dd43-43dd-af48-46675ae04459	authenticated	authenticated	\N		\N	\N		\N		\N			\N	2026-04-22 06:27:32.532948+00	{}	{}	\N	2026-04-22 06:27:32.526719+00	2026-04-22 06:27:32.534915+00	\N	\N			\N		0	\N		\N	f	\N	t
00000000-0000-0000-0000-000000000000	d73c7ffd-fc05-4f38-9840-339768023531	authenticated	authenticated	\N		\N	\N		\N		\N			\N	2026-04-24 11:56:51.795004+00	{}	{}	\N	2026-04-24 11:56:51.757914+00	2026-04-26 01:07:19.263209+00	\N	\N			\N		0	\N		\N	f	\N	t
00000000-0000-0000-0000-000000000000	bd22d955-7d04-41e9-a77a-5b9198d91a8d	authenticated	authenticated	\N		\N	\N		\N		\N			\N	2026-04-22 04:14:24.600438+00	{}	{}	\N	2026-04-22 04:14:24.574737+00	2026-04-22 10:53:16.252646+00	\N	\N			\N		0	\N		\N	f	\N	t
00000000-0000-0000-0000-000000000000	efeb01f8-8094-4aa6-b311-bac8712fa97c	authenticated	authenticated	\N		\N	\N		\N		\N			\N	2026-04-24 11:56:51.794995+00	{}	{}	\N	2026-04-24 11:56:51.757917+00	2026-04-24 11:56:51.815875+00	\N	\N			\N		0	\N		\N	f	\N	t
00000000-0000-0000-0000-000000000000	d32a7a77-5fea-4cde-8ba4-a630ffc63ad4	authenticated	authenticated	\N		\N	\N		\N		\N			\N	2026-04-23 06:54:55.142637+00	{}	{}	\N	2026-04-23 06:54:55.123116+00	2026-04-23 06:54:55.153861+00	\N	\N			\N		0	\N		\N	f	\N	t
00000000-0000-0000-0000-000000000000	ef7cc0f3-6991-4cd2-8f8e-530575d2e830	authenticated	authenticated	\N		\N	\N		\N		\N			\N	2026-04-23 00:13:46.604004+00	{}	{}	\N	2026-04-23 00:13:46.5637+00	2026-04-23 06:56:24.736362+00	\N	\N			\N		0	\N		\N	f	\N	t
00000000-0000-0000-0000-000000000000	d058d7a9-87a2-4f2e-8dbf-34ae96ed3566	authenticated	authenticated	\N		\N	\N		\N		\N			\N	2026-04-28 00:58:12.176458+00	{}	{}	\N	2026-04-28 00:58:12.087051+00	2026-04-28 00:58:12.239+00	\N	\N			\N		0	\N		\N	f	\N	t
00000000-0000-0000-0000-000000000000	423a8d20-a8c4-44a8-9f74-ef1402ef9241	authenticated	authenticated	\N		\N	\N		\N		\N			\N	2026-04-26 05:05:19.798583+00	{}	{}	\N	2026-04-26 05:05:19.736898+00	2026-04-26 05:05:19.839569+00	\N	\N			\N		0	\N		\N	f	\N	t
00000000-0000-0000-0000-000000000000	c650af3b-126d-482b-963f-cfcf9f24d74f	authenticated	authenticated	\N		\N	\N		\N		\N			\N	2026-04-28 00:58:12.176066+00	{}	{}	\N	2026-04-28 00:58:12.087544+00	2026-04-28 02:22:04.773715+00	\N	\N			\N		0	\N		\N	f	\N	t
00000000-0000-0000-0000-000000000000	73212e6f-61c6-4b0d-825d-5a0422339641	authenticated	authenticated	admin@example.com	$2a$10$vzKglFEvTaMpwFnq9inisuxYt/arAspJpg.2/aynzjWJfgnx8cnkG	2026-04-22 11:15:07.495+00	\N		\N		\N			\N	2026-04-22 11:18:49.363274+00	{"provider": "email", "providers": ["email"]}	{"email_verified": true}	\N	2026-04-22 11:15:07.469144+00	2026-04-28 02:42:49.626191+00	\N	\N			\N		0	\N		\N	f	\N	f
00000000-0000-0000-0000-000000000000	f8c188a4-c4d9-4e8a-bfb3-9522224bd5f2	authenticated	authenticated	\N		\N	\N		\N		\N			\N	2026-04-23 06:54:55.142528+00	{}	{}	\N	2026-04-23 06:54:55.127585+00	2026-04-24 15:48:33.082136+00	\N	\N			\N		0	\N		\N	f	\N	t
\.


--
-- Data for Name: identities; Type: TABLE DATA; Schema: auth; Owner: supabase_auth_admin
--

COPY "auth"."identities" ("provider_id", "user_id", "identity_data", "provider", "last_sign_in_at", "created_at", "updated_at", "id") FROM stdin;
73212e6f-61c6-4b0d-825d-5a0422339641	73212e6f-61c6-4b0d-825d-5a0422339641	{"sub": "73212e6f-61c6-4b0d-825d-5a0422339641", "email": "admin@example.com", "email_verified": false, "phone_verified": false}	email	2026-04-22 11:15:07.48108+00	2026-04-22 11:15:07.481135+00	2026-04-22 11:15:07.481135+00	0789daa1-0dbd-4804-8c42-8bceef8b7e68
\.


--
-- Data for Name: instances; Type: TABLE DATA; Schema: auth; Owner: supabase_auth_admin
--

COPY "auth"."instances" ("id", "uuid", "raw_base_config", "created_at", "updated_at") FROM stdin;
\.


--
-- Data for Name: oauth_clients; Type: TABLE DATA; Schema: auth; Owner: supabase_auth_admin
--

COPY "auth"."oauth_clients" ("id", "client_secret_hash", "registration_type", "redirect_uris", "grant_types", "client_name", "client_uri", "logo_uri", "created_at", "updated_at", "deleted_at", "client_type", "token_endpoint_auth_method") FROM stdin;
\.


--
-- Data for Name: sessions; Type: TABLE DATA; Schema: auth; Owner: supabase_auth_admin
--

COPY "auth"."sessions" ("id", "user_id", "created_at", "updated_at", "factor_id", "aal", "not_after", "refreshed_at", "user_agent", "ip", "tag", "oauth_client_id", "refresh_token_hmac_key", "refresh_token_counter", "scopes") FROM stdin;
42d5583e-d317-4aaf-a7a3-e462b8c4ccaf	6387968d-b204-4073-947e-365e3bedeac4	2026-04-22 03:49:23.477456+00	2026-04-22 03:49:23.477456+00	\N	aal1	\N	\N	Bun/1.3.10	115.95.248.50	\N	\N	\N	\N	\N
b14a3bb9-08e9-42c3-bc06-98b5160e2df0	2e2fb6d4-e75c-453f-ac2d-11fb1a19b53e	2026-04-22 04:04:31.732567+00	2026-04-22 04:04:31.732567+00	\N	aal1	\N	\N	Bun/1.3.10	115.95.248.50	\N	\N	\N	\N	\N
c803682d-465e-4531-8b4f-2ec631379567	bccc16a3-0bad-4a2d-8985-88aa83cdf907	2026-04-22 04:06:10.580195+00	2026-04-22 04:06:10.580195+00	\N	aal1	\N	\N	Bun/1.3.10	115.95.248.50	\N	\N	\N	\N	\N
804a707f-ad90-4b59-a0f6-a94d1c7d0bd8	3a1431af-60a8-4659-82c8-af265f45cdab	2026-04-22 04:06:34.008095+00	2026-04-22 04:06:34.008095+00	\N	aal1	\N	\N	Bun/1.3.10	115.95.248.50	\N	\N	\N	\N	\N
31eb65af-96b6-400c-8caa-a7d2bd764a10	bfb19604-9c14-41a3-b3ec-3e0b09e78db8	2026-04-22 04:07:56.816932+00	2026-04-22 04:07:56.816932+00	\N	aal1	\N	\N	Bun/1.3.10	115.95.248.50	\N	\N	\N	\N	\N
fa752b90-8d5d-42ad-b24f-1ac382ea09a9	3c5eb6a9-80c9-4759-bac6-897d009c70c6	2026-04-22 04:08:24.117856+00	2026-04-22 04:08:24.117856+00	\N	aal1	\N	\N	Bun/1.3.10	115.95.248.50	\N	\N	\N	\N	\N
64bf24d4-ddc9-4868-aeb7-3135a971f22c	e6739792-520a-4299-a022-a716f3ff378a	2026-04-22 04:09:39.816797+00	2026-04-22 04:09:39.816797+00	\N	aal1	\N	\N	Bun/1.3.10	115.95.248.50	\N	\N	\N	\N	\N
24fdb8d3-57a0-4394-adbb-b0c19fe6d305	6bf9ce28-b1fa-4b01-92e6-9cac8e8f22b2	2026-04-22 04:14:24.602262+00	2026-04-22 04:14:24.602262+00	\N	aal1	\N	\N	Mozilla/5.0 (Macintosh; Intel Mac OS X 10_15_7) AppleWebKit/537.36 (KHTML, like Gecko) Chrome/147.0.0.0 Safari/537.36	115.95.248.50	\N	\N	\N	\N	\N
4625465f-1661-43e9-9fca-98e3b63cf1ae	30557819-f56f-4f20-aaff-feda5172e70a	2026-04-22 04:21:03.064848+00	2026-04-22 04:21:03.064848+00	\N	aal1	\N	\N	Bun/1.3.10	115.95.248.50	\N	\N	\N	\N	\N
46aeaf0e-d40f-46d0-91db-5a616c46ccfe	c650af3b-126d-482b-963f-cfcf9f24d74f	2026-04-28 00:58:12.178288+00	2026-04-28 02:22:04.784661+00	\N	aal1	\N	2026-04-28 02:22:04.784549	Mozilla/5.0 (X11; Linux x86_64) AppleWebKit/537.36 (KHTML, like Gecko) HeadlessChrome/138.0.0.0 Safari/537.36	115.95.248.50	\N	\N	\N	\N	\N
0ed43484-3b5f-490d-bbd8-bd7765a6362f	b10ef9b5-dd43-43dd-af48-46675ae04459	2026-04-22 06:27:32.533027+00	2026-04-22 06:27:32.533027+00	\N	aal1	\N	\N	Bun/1.3.10	115.95.248.50	\N	\N	\N	\N	\N
8dc70c16-1b2c-4b2d-bce7-1c8814f5cf63	73212e6f-61c6-4b0d-825d-5a0422339641	2026-04-22 11:18:49.363378+00	2026-04-28 02:42:49.635454+00	\N	aal1	\N	2026-04-28 02:42:49.635336	Mozilla/5.0 (Macintosh; Intel Mac OS X 10_15_7) AppleWebKit/537.36 (KHTML, like Gecko) Chrome/147.0.0.0 Safari/537.36	115.95.248.50	\N	\N	\N	\N	\N
c6476dda-2a4a-4a48-9f58-4e644934ec8e	423a8d20-a8c4-44a8-9f74-ef1402ef9241	2026-04-26 05:05:19.800246+00	2026-04-26 05:05:19.800246+00	\N	aal1	\N	\N	Mozilla/5.0 (Macintosh; Intel Mac OS X 10_15_7) AppleWebKit/537.36 (KHTML, like Gecko) Chrome/149.0.0.0 Safari/537.36	115.95.248.50	\N	\N	\N	\N	\N
92e088f8-4018-4c54-b672-d2735eb05c8d	39d7cfea-cac0-4533-ba54-17f28e657ab3	2026-04-22 12:13:38.202977+00	2026-04-22 12:13:38.202977+00	\N	aal1	\N	\N	Mozilla/5.0 (Macintosh; Intel Mac OS X 10_15_7) AppleWebKit/605.1.15 (KHTML, like Gecko) Version/26.0.1 Safari/605.1.15	115.95.248.50	\N	\N	\N	\N	\N
333a5236-62f5-4a38-922e-8b42edc0f8cf	d32a7a77-5fea-4cde-8ba4-a630ffc63ad4	2026-04-23 06:54:55.142727+00	2026-04-23 06:54:55.142727+00	\N	aal1	\N	\N	Mozilla/5.0 (Macintosh; Intel Mac OS X 10_15_7) AppleWebKit/537.36 (KHTML, like Gecko) Chrome/149.0.0.0 Safari/537.36	115.95.248.50	\N	\N	\N	\N	\N
2c9ae054-8ac7-4b25-bbd8-6ae11f17c452	ef7cc0f3-6991-4cd2-8f8e-530575d2e830	2026-04-23 00:13:46.605728+00	2026-04-23 06:56:24.747424+00	\N	aal1	\N	2026-04-23 06:56:24.747311	Mozilla/5.0 (Macintosh; Intel Mac OS X 10_15_7) AppleWebKit/537.36 (KHTML, like Gecko) Chrome/147.0.0.0 Safari/537.36	115.95.248.50	\N	\N	\N	\N	\N
8d59f8f9-5b44-445c-90e2-b3a849f377eb	f8c188a4-c4d9-4e8a-bfb3-9522224bd5f2	2026-04-23 06:54:55.142614+00	2026-04-24 15:48:33.09173+00	\N	aal1	\N	2026-04-24 15:48:33.091619	Mozilla/5.0 (Macintosh; Intel Mac OS X 10_15_7) AppleWebKit/537.36 (KHTML, like Gecko) Chrome/149.0.0.0 Safari/537.36	115.95.248.50	\N	\N	\N	\N	\N
74b620c1-813b-4add-9530-5d197dad3cf8	f30806ad-28a6-4aaa-bfc6-3aab767ba6a2	2026-04-23 00:13:46.605718+00	2026-04-23 00:13:46.605718+00	\N	aal1	\N	\N	Mozilla/5.0 (Macintosh; Intel Mac OS X 10_15_7) AppleWebKit/537.36 (KHTML, like Gecko) Chrome/147.0.0.0 Safari/537.36	115.95.248.50	\N	\N	\N	\N	\N
53b195d7-c160-4cfe-a256-56ed6ca0730e	e7507026-a0f5-4939-b400-e8d72ef1920f	2026-04-26 05:05:19.800257+00	2026-04-26 23:50:58.1415+00	\N	aal1	\N	2026-04-26 23:50:58.141377	Mozilla/5.0 (Macintosh; Intel Mac OS X 10_15_7) AppleWebKit/537.36 (KHTML, like Gecko) Chrome/149.0.0.0 Safari/537.36	115.95.248.50	\N	\N	\N	\N	\N
3c6f4a7f-149e-43aa-afd6-36df0a77e0b8	bec22385-bb07-4cae-8565-0a96b2df8d8e	2026-04-22 12:13:38.202974+00	2026-04-27 00:49:14.154638+00	\N	aal1	\N	2026-04-27 00:49:14.154525	Mozilla/5.0 (Macintosh; Intel Mac OS X 10_15_7) AppleWebKit/605.1.15 (KHTML, like Gecko) Version/26.0.1 Safari/605.1.15	115.95.248.50	\N	\N	\N	\N	\N
279f295a-2643-42e7-bd8a-ba70f833342e	d73c7ffd-fc05-4f38-9840-339768023531	2026-04-24 11:56:51.796744+00	2026-04-26 01:07:19.274414+00	\N	aal1	\N	2026-04-26 01:07:19.274295	Mozilla/5.0 (Macintosh; Intel Mac OS X 10_15_7) AppleWebKit/537.36 (KHTML, like Gecko) Chrome/147.0.0.0 Safari/537.36	115.95.248.50	\N	\N	\N	\N	\N
e77c25cb-9af6-4078-bf9d-d460fd043ee1	d058d7a9-87a2-4f2e-8dbf-34ae96ed3566	2026-04-28 00:58:12.178287+00	2026-04-28 00:58:12.178287+00	\N	aal1	\N	\N	Mozilla/5.0 (X11; Linux x86_64) AppleWebKit/537.36 (KHTML, like Gecko) HeadlessChrome/138.0.0.0 Safari/537.36	115.95.248.50	\N	\N	\N	\N	\N
615f968f-3412-40f5-93e2-b8859fd2d68b	efeb01f8-8094-4aa6-b311-bac8712fa97c	2026-04-24 11:56:51.796746+00	2026-04-24 11:56:51.796746+00	\N	aal1	\N	\N	Mozilla/5.0 (Macintosh; Intel Mac OS X 10_15_7) AppleWebKit/537.36 (KHTML, like Gecko) Chrome/147.0.0.0 Safari/537.36	115.95.248.50	\N	\N	\N	\N	\N
\.


--
-- Data for Name: mfa_amr_claims; Type: TABLE DATA; Schema: auth; Owner: supabase_auth_admin
--

COPY "auth"."mfa_amr_claims" ("session_id", "created_at", "updated_at", "authentication_method", "id") FROM stdin;
42d5583e-d317-4aaf-a7a3-e462b8c4ccaf	2026-04-22 03:49:23.494692+00	2026-04-22 03:49:23.494692+00	anonymous	f59bc42f-44ac-45e4-8362-12d881830b11
b14a3bb9-08e9-42c3-bc06-98b5160e2df0	2026-04-22 04:04:31.755502+00	2026-04-22 04:04:31.755502+00	anonymous	9b4247b4-b661-4477-847c-310bf3af3bab
c803682d-465e-4531-8b4f-2ec631379567	2026-04-22 04:06:10.584823+00	2026-04-22 04:06:10.584823+00	anonymous	6afe7031-816e-45f6-ac34-964f97589c8b
804a707f-ad90-4b59-a0f6-a94d1c7d0bd8	2026-04-22 04:06:34.009981+00	2026-04-22 04:06:34.009981+00	anonymous	00951874-ccce-4394-bb17-dd8c86ff0f1d
31eb65af-96b6-400c-8caa-a7d2bd764a10	2026-04-22 04:07:56.819994+00	2026-04-22 04:07:56.819994+00	anonymous	f55f61e0-d5fb-4c70-8a51-c72755caf7a7
fa752b90-8d5d-42ad-b24f-1ac382ea09a9	2026-04-22 04:08:24.119793+00	2026-04-22 04:08:24.119793+00	anonymous	e5ea8e65-5191-4138-80c3-3a7e23e3344d
64bf24d4-ddc9-4868-aeb7-3135a971f22c	2026-04-22 04:09:39.819874+00	2026-04-22 04:09:39.819874+00	anonymous	7e8a407e-85ab-4026-b377-6d7e84a03ba1
24fdb8d3-57a0-4394-adbb-b0c19fe6d305	2026-04-22 04:14:24.610642+00	2026-04-22 04:14:24.610642+00	anonymous	f33a91c6-f368-4b10-b644-51220723181b
4625465f-1661-43e9-9fca-98e3b63cf1ae	2026-04-22 04:21:03.06906+00	2026-04-22 04:21:03.06906+00	anonymous	d998eef3-0094-409e-bbbf-5437038ca145
0ed43484-3b5f-490d-bbd8-bd7765a6362f	2026-04-22 06:27:32.535308+00	2026-04-22 06:27:32.535308+00	anonymous	9d50719a-f557-4655-a26f-7ae0c1283220
8dc70c16-1b2c-4b2d-bce7-1c8814f5cf63	2026-04-22 11:18:49.382746+00	2026-04-22 11:18:49.382746+00	password	f77a5234-c30f-4b9a-9069-dc00649eb607
92e088f8-4018-4c54-b672-d2735eb05c8d	2026-04-22 12:13:38.250869+00	2026-04-22 12:13:38.250869+00	anonymous	a2f90423-5a6f-42f7-8eaa-94ee6aa187dd
3c6f4a7f-149e-43aa-afd6-36df0a77e0b8	2026-04-22 12:13:38.25164+00	2026-04-22 12:13:38.25164+00	anonymous	f1c113e1-4619-4b07-879e-8dc8673c497c
2c9ae054-8ac7-4b25-bbd8-6ae11f17c452	2026-04-23 00:13:46.617631+00	2026-04-23 00:13:46.617631+00	anonymous	76861daf-5531-4299-b159-acfc5240ab46
74b620c1-813b-4add-9530-5d197dad3cf8	2026-04-23 00:13:46.61769+00	2026-04-23 00:13:46.61769+00	anonymous	f8481d8c-0330-45f5-8712-c22a9c1d261f
333a5236-62f5-4a38-922e-8b42edc0f8cf	2026-04-23 06:54:55.155105+00	2026-04-23 06:54:55.155105+00	anonymous	c4c6deda-f668-4004-9bb9-a9ec861ae29b
8d59f8f9-5b44-445c-90e2-b3a849f377eb	2026-04-23 06:54:55.15503+00	2026-04-23 06:54:55.15503+00	anonymous	2ae74c45-b8bf-4729-b024-1a2ed899df30
279f295a-2643-42e7-bd8a-ba70f833342e	2026-04-24 11:56:51.817333+00	2026-04-24 11:56:51.817333+00	anonymous	d4058f4c-4593-46c0-8418-fdb7d2f114f4
615f968f-3412-40f5-93e2-b8859fd2d68b	2026-04-24 11:56:51.817353+00	2026-04-24 11:56:51.817353+00	anonymous	40ae44b5-570a-42a9-96b6-7acce5f4918d
c6476dda-2a4a-4a48-9f58-4e644934ec8e	2026-04-26 05:05:19.841068+00	2026-04-26 05:05:19.841068+00	anonymous	c3ddc625-8acb-4e27-9076-74225a414018
53b195d7-c160-4cfe-a256-56ed6ca0730e	2026-04-26 05:05:19.841057+00	2026-04-26 05:05:19.841057+00	anonymous	b85138b5-a144-4ca1-8f37-9def58a29faa
e77c25cb-9af6-4078-bf9d-d460fd043ee1	2026-04-28 00:58:12.240413+00	2026-04-28 00:58:12.240413+00	anonymous	245fadd4-a7dd-4437-89dd-62e2785ae51e
46aeaf0e-d40f-46d0-91db-5a616c46ccfe	2026-04-28 00:58:12.243011+00	2026-04-28 00:58:12.243011+00	anonymous	2db49e77-f5f3-4594-af89-e3dad002e47c
\.


--
-- Data for Name: mfa_factors; Type: TABLE DATA; Schema: auth; Owner: supabase_auth_admin
--

COPY "auth"."mfa_factors" ("id", "user_id", "friendly_name", "factor_type", "status", "created_at", "updated_at", "secret", "phone", "last_challenged_at", "web_authn_credential", "web_authn_aaguid", "last_webauthn_challenge_data") FROM stdin;
\.


--
-- Data for Name: mfa_challenges; Type: TABLE DATA; Schema: auth; Owner: supabase_auth_admin
--

COPY "auth"."mfa_challenges" ("id", "factor_id", "created_at", "verified_at", "ip_address", "otp_code", "web_authn_session_data") FROM stdin;
\.


--
-- Data for Name: oauth_authorizations; Type: TABLE DATA; Schema: auth; Owner: supabase_auth_admin
--

COPY "auth"."oauth_authorizations" ("id", "authorization_id", "client_id", "user_id", "redirect_uri", "scope", "state", "resource", "code_challenge", "code_challenge_method", "response_type", "status", "authorization_code", "created_at", "expires_at", "approved_at", "nonce") FROM stdin;
\.


--
-- Data for Name: oauth_client_states; Type: TABLE DATA; Schema: auth; Owner: supabase_auth_admin
--

COPY "auth"."oauth_client_states" ("id", "provider_type", "code_verifier", "created_at") FROM stdin;
\.


--
-- Data for Name: oauth_consents; Type: TABLE DATA; Schema: auth; Owner: supabase_auth_admin
--

COPY "auth"."oauth_consents" ("id", "user_id", "client_id", "scopes", "granted_at", "revoked_at") FROM stdin;
\.


--
-- Data for Name: one_time_tokens; Type: TABLE DATA; Schema: auth; Owner: supabase_auth_admin
--

COPY "auth"."one_time_tokens" ("id", "user_id", "token_type", "token_hash", "relates_to", "created_at", "updated_at") FROM stdin;
\.


--
-- Data for Name: refresh_tokens; Type: TABLE DATA; Schema: auth; Owner: supabase_auth_admin
--

COPY "auth"."refresh_tokens" ("instance_id", "id", "token", "user_id", "revoked", "created_at", "updated_at", "parent", "session_id") FROM stdin;
00000000-0000-0000-0000-000000000000	1	mmm27b3mlohq	6387968d-b204-4073-947e-365e3bedeac4	f	2026-04-22 03:49:23.485069+00	2026-04-22 03:49:23.485069+00	\N	42d5583e-d317-4aaf-a7a3-e462b8c4ccaf
00000000-0000-0000-0000-000000000000	2	hhrqa4e5u4q2	2e2fb6d4-e75c-453f-ac2d-11fb1a19b53e	f	2026-04-22 04:04:31.741042+00	2026-04-22 04:04:31.741042+00	\N	b14a3bb9-08e9-42c3-bc06-98b5160e2df0
00000000-0000-0000-0000-000000000000	3	uubavp55t2rk	bccc16a3-0bad-4a2d-8985-88aa83cdf907	f	2026-04-22 04:06:10.582052+00	2026-04-22 04:06:10.582052+00	\N	c803682d-465e-4531-8b4f-2ec631379567
00000000-0000-0000-0000-000000000000	4	flh5nj64xgax	3a1431af-60a8-4659-82c8-af265f45cdab	f	2026-04-22 04:06:34.008824+00	2026-04-22 04:06:34.008824+00	\N	804a707f-ad90-4b59-a0f6-a94d1c7d0bd8
00000000-0000-0000-0000-000000000000	5	7bqca6hpw4tp	bfb19604-9c14-41a3-b3ec-3e0b09e78db8	f	2026-04-22 04:07:56.81816+00	2026-04-22 04:07:56.81816+00	\N	31eb65af-96b6-400c-8caa-a7d2bd764a10
00000000-0000-0000-0000-000000000000	6	futfygeeeaix	3c5eb6a9-80c9-4759-bac6-897d009c70c6	f	2026-04-22 04:08:24.118602+00	2026-04-22 04:08:24.118602+00	\N	fa752b90-8d5d-42ad-b24f-1ac382ea09a9
00000000-0000-0000-0000-000000000000	7	zpwrz4ivha7l	e6739792-520a-4299-a022-a716f3ff378a	f	2026-04-22 04:09:39.818021+00	2026-04-22 04:09:39.818021+00	\N	64bf24d4-ddc9-4868-aeb7-3135a971f22c
00000000-0000-0000-0000-000000000000	8	fwb3e2rcteuy	6bf9ce28-b1fa-4b01-92e6-9cac8e8f22b2	f	2026-04-22 04:14:24.606577+00	2026-04-22 04:14:24.606577+00	\N	24fdb8d3-57a0-4394-adbb-b0c19fe6d305
00000000-0000-0000-0000-000000000000	10	gtxksm7ekkgi	30557819-f56f-4f20-aaff-feda5172e70a	f	2026-04-22 04:21:03.066099+00	2026-04-22 04:21:03.066099+00	\N	4625465f-1661-43e9-9fca-98e3b63cf1ae
00000000-0000-0000-0000-000000000000	75	2zh4bwtrem27	bec22385-bb07-4cae-8565-0a96b2df8d8e	t	2026-04-24 04:00:07.721936+00	2026-04-24 07:11:29.388428+00	fj3xuv3embnb	3c6f4a7f-149e-43aa-afd6-36df0a77e0b8
00000000-0000-0000-0000-000000000000	51	h3xnokvm5u6d	73212e6f-61c6-4b0d-825d-5a0422339641	t	2026-04-23 08:20:16.913178+00	2026-04-26 04:03:24.497808+00	6pvcszhpatua	8dc70c16-1b2c-4b2d-bce7-1c8814f5cf63
00000000-0000-0000-0000-000000000000	12	fe6egdkcsfla	b10ef9b5-dd43-43dd-af48-46675ae04459	f	2026-04-22 06:27:32.534085+00	2026-04-22 06:27:32.534085+00	\N	0ed43484-3b5f-490d-bbd8-bd7765a6362f
00000000-0000-0000-0000-000000000000	18	2ltasejulmtj	39d7cfea-cac0-4533-ba54-17f28e657ab3	f	2026-04-22 12:13:38.233914+00	2026-04-22 12:13:38.233914+00	\N	92e088f8-4018-4c54-b672-d2735eb05c8d
00000000-0000-0000-0000-000000000000	16	gj37newjclnx	73212e6f-61c6-4b0d-825d-5a0422339641	t	2026-04-22 11:18:49.370471+00	2026-04-22 12:16:55.030589+00	\N	8dc70c16-1b2c-4b2d-bce7-1c8814f5cf63
00000000-0000-0000-0000-000000000000	19	ynoaqbixwwns	73212e6f-61c6-4b0d-825d-5a0422339641	t	2026-04-22 12:16:55.033935+00	2026-04-22 13:15:10.15196+00	gj37newjclnx	8dc70c16-1b2c-4b2d-bce7-1c8814f5cf63
00000000-0000-0000-0000-000000000000	20	jshew73aciwg	73212e6f-61c6-4b0d-825d-5a0422339641	t	2026-04-22 13:15:10.16243+00	2026-04-22 14:13:40.080193+00	ynoaqbixwwns	8dc70c16-1b2c-4b2d-bce7-1c8814f5cf63
00000000-0000-0000-0000-000000000000	21	je4w6h7yzq6l	73212e6f-61c6-4b0d-825d-5a0422339641	t	2026-04-22 14:13:40.087322+00	2026-04-22 15:12:10.043861+00	jshew73aciwg	8dc70c16-1b2c-4b2d-bce7-1c8814f5cf63
00000000-0000-0000-0000-000000000000	22	r37m7zgtktcs	73212e6f-61c6-4b0d-825d-5a0422339641	t	2026-04-22 15:12:10.056927+00	2026-04-22 16:10:39.879274+00	je4w6h7yzq6l	8dc70c16-1b2c-4b2d-bce7-1c8814f5cf63
00000000-0000-0000-0000-000000000000	23	hv3emrw2bmu2	73212e6f-61c6-4b0d-825d-5a0422339641	t	2026-04-22 16:10:39.884935+00	2026-04-22 17:08:39.626063+00	r37m7zgtktcs	8dc70c16-1b2c-4b2d-bce7-1c8814f5cf63
00000000-0000-0000-0000-000000000000	24	nttxnh6xqndi	73212e6f-61c6-4b0d-825d-5a0422339641	t	2026-04-22 17:08:39.632401+00	2026-04-22 18:07:09.473372+00	hv3emrw2bmu2	8dc70c16-1b2c-4b2d-bce7-1c8814f5cf63
00000000-0000-0000-0000-000000000000	25	dx2og7avyms2	73212e6f-61c6-4b0d-825d-5a0422339641	t	2026-04-22 18:07:09.478392+00	2026-04-22 19:05:39.400801+00	nttxnh6xqndi	8dc70c16-1b2c-4b2d-bce7-1c8814f5cf63
00000000-0000-0000-0000-000000000000	26	epcsssmi5i6t	73212e6f-61c6-4b0d-825d-5a0422339641	t	2026-04-22 19:05:39.406147+00	2026-04-22 20:04:09.220177+00	dx2og7avyms2	8dc70c16-1b2c-4b2d-bce7-1c8814f5cf63
00000000-0000-0000-0000-000000000000	27	mubeot6exqw3	73212e6f-61c6-4b0d-825d-5a0422339641	t	2026-04-22 20:04:09.226385+00	2026-04-22 21:02:39.12479+00	epcsssmi5i6t	8dc70c16-1b2c-4b2d-bce7-1c8814f5cf63
00000000-0000-0000-0000-000000000000	28	u3ummkw7sibt	73212e6f-61c6-4b0d-825d-5a0422339641	t	2026-04-22 21:02:39.129543+00	2026-04-22 22:01:09.17693+00	mubeot6exqw3	8dc70c16-1b2c-4b2d-bce7-1c8814f5cf63
00000000-0000-0000-0000-000000000000	29	j6puvv3tnn7y	73212e6f-61c6-4b0d-825d-5a0422339641	t	2026-04-22 22:01:09.181981+00	2026-04-22 22:59:38.80761+00	u3ummkw7sibt	8dc70c16-1b2c-4b2d-bce7-1c8814f5cf63
00000000-0000-0000-0000-000000000000	30	wukst5aewd2t	73212e6f-61c6-4b0d-825d-5a0422339641	t	2026-04-22 22:59:38.8123+00	2026-04-22 23:57:38.670405+00	j6puvv3tnn7y	8dc70c16-1b2c-4b2d-bce7-1c8814f5cf63
00000000-0000-0000-0000-000000000000	32	wupatwsnq4tk	f30806ad-28a6-4aaa-bfc6-3aab767ba6a2	f	2026-04-23 00:13:46.613839+00	2026-04-23 00:13:46.613839+00	\N	74b620c1-813b-4add-9530-5d197dad3cf8
00000000-0000-0000-0000-000000000000	31	v7xdetbzmwua	73212e6f-61c6-4b0d-825d-5a0422339641	t	2026-04-22 23:57:38.67791+00	2026-04-23 00:55:44.686586+00	wukst5aewd2t	8dc70c16-1b2c-4b2d-bce7-1c8814f5cf63
00000000-0000-0000-0000-000000000000	33	vpmg3eskysjc	ef7cc0f3-6991-4cd2-8f8e-530575d2e830	t	2026-04-23 00:13:46.615656+00	2026-04-23 01:46:48.066893+00	\N	2c9ae054-8ac7-4b25-bbd8-6ae11f17c452
00000000-0000-0000-0000-000000000000	34	h2nxtfjljkzc	73212e6f-61c6-4b0d-825d-5a0422339641	t	2026-04-23 00:55:44.698737+00	2026-04-23 01:54:14.391482+00	v7xdetbzmwua	8dc70c16-1b2c-4b2d-bce7-1c8814f5cf63
00000000-0000-0000-0000-000000000000	36	srqncv5s5s67	73212e6f-61c6-4b0d-825d-5a0422339641	t	2026-04-23 01:54:14.400465+00	2026-04-23 02:52:41.428045+00	h2nxtfjljkzc	8dc70c16-1b2c-4b2d-bce7-1c8814f5cf63
00000000-0000-0000-0000-000000000000	35	d66lddlaworv	ef7cc0f3-6991-4cd2-8f8e-530575d2e830	t	2026-04-23 01:46:48.073487+00	2026-04-23 03:01:00.68263+00	vpmg3eskysjc	2c9ae054-8ac7-4b25-bbd8-6ae11f17c452
00000000-0000-0000-0000-000000000000	38	xorlbrhw5j3b	ef7cc0f3-6991-4cd2-8f8e-530575d2e830	t	2026-04-23 03:01:00.687737+00	2026-04-23 03:59:47.596005+00	d66lddlaworv	2c9ae054-8ac7-4b25-bbd8-6ae11f17c452
00000000-0000-0000-0000-000000000000	37	hm7faq33h2jv	73212e6f-61c6-4b0d-825d-5a0422339641	t	2026-04-23 02:52:41.442817+00	2026-04-23 04:02:38.878741+00	srqncv5s5s67	8dc70c16-1b2c-4b2d-bce7-1c8814f5cf63
00000000-0000-0000-0000-000000000000	39	dqvuoncdjpib	ef7cc0f3-6991-4cd2-8f8e-530575d2e830	t	2026-04-23 03:59:47.606236+00	2026-04-23 04:58:43.769352+00	xorlbrhw5j3b	2c9ae054-8ac7-4b25-bbd8-6ae11f17c452
00000000-0000-0000-0000-000000000000	41	yzpjoayuqunh	ef7cc0f3-6991-4cd2-8f8e-530575d2e830	t	2026-04-23 04:58:43.774779+00	2026-04-23 05:57:39.287877+00	dqvuoncdjpib	2c9ae054-8ac7-4b25-bbd8-6ae11f17c452
00000000-0000-0000-0000-000000000000	40	mjvcaqud7yl5	73212e6f-61c6-4b0d-825d-5a0422339641	t	2026-04-23 04:02:38.883316+00	2026-04-23 06:24:01.292159+00	hm7faq33h2jv	8dc70c16-1b2c-4b2d-bce7-1c8814f5cf63
00000000-0000-0000-0000-000000000000	17	ozcy25qb7zbj	bec22385-bb07-4cae-8565-0a96b2df8d8e	t	2026-04-22 12:13:38.23391+00	2026-04-23 06:53:52.346815+00	\N	3c6f4a7f-149e-43aa-afd6-36df0a77e0b8
00000000-0000-0000-0000-000000000000	46	2tj4p5dnvwjw	d32a7a77-5fea-4cde-8ba4-a630ffc63ad4	f	2026-04-23 06:54:55.151691+00	2026-04-23 06:54:55.151691+00	\N	333a5236-62f5-4a38-922e-8b42edc0f8cf
00000000-0000-0000-0000-000000000000	42	yr4p4dnjymqj	ef7cc0f3-6991-4cd2-8f8e-530575d2e830	t	2026-04-23 05:57:39.300146+00	2026-04-23 06:56:24.72551+00	yzpjoayuqunh	2c9ae054-8ac7-4b25-bbd8-6ae11f17c452
00000000-0000-0000-0000-000000000000	47	wah7kdvebzmd	ef7cc0f3-6991-4cd2-8f8e-530575d2e830	f	2026-04-23 06:56:24.734399+00	2026-04-23 06:56:24.734399+00	yr4p4dnjymqj	2c9ae054-8ac7-4b25-bbd8-6ae11f17c452
00000000-0000-0000-0000-000000000000	43	y7uuw45up7hn	73212e6f-61c6-4b0d-825d-5a0422339641	t	2026-04-23 06:24:01.302526+00	2026-04-23 07:22:04.671933+00	mjvcaqud7yl5	8dc70c16-1b2c-4b2d-bce7-1c8814f5cf63
00000000-0000-0000-0000-000000000000	44	2wnzbr7pryrf	bec22385-bb07-4cae-8565-0a96b2df8d8e	t	2026-04-23 06:53:52.358609+00	2026-04-23 07:51:52.60181+00	ozcy25qb7zbj	3c6f4a7f-149e-43aa-afd6-36df0a77e0b8
00000000-0000-0000-0000-000000000000	45	yvacrcg3esbp	f8c188a4-c4d9-4e8a-bfb3-9522224bd5f2	t	2026-04-23 06:54:55.1516+00	2026-04-23 07:53:06.079004+00	\N	8d59f8f9-5b44-445c-90e2-b3a849f377eb
00000000-0000-0000-0000-000000000000	48	6pvcszhpatua	73212e6f-61c6-4b0d-825d-5a0422339641	t	2026-04-23 07:22:04.685517+00	2026-04-23 08:20:16.900516+00	y7uuw45up7hn	8dc70c16-1b2c-4b2d-bce7-1c8814f5cf63
00000000-0000-0000-0000-000000000000	49	jnwfc53ls2vr	bec22385-bb07-4cae-8565-0a96b2df8d8e	t	2026-04-23 07:51:52.613248+00	2026-04-23 08:50:08.419406+00	2wnzbr7pryrf	3c6f4a7f-149e-43aa-afd6-36df0a77e0b8
00000000-0000-0000-0000-000000000000	50	pkx4bqk5lb5f	f8c188a4-c4d9-4e8a-bfb3-9522224bd5f2	t	2026-04-23 07:53:06.079765+00	2026-04-23 08:51:43.801605+00	yvacrcg3esbp	8d59f8f9-5b44-445c-90e2-b3a849f377eb
00000000-0000-0000-0000-000000000000	52	ap7g5waksuw6	bec22385-bb07-4cae-8565-0a96b2df8d8e	t	2026-04-23 08:50:08.427462+00	2026-04-23 09:48:09.572879+00	jnwfc53ls2vr	3c6f4a7f-149e-43aa-afd6-36df0a77e0b8
00000000-0000-0000-0000-000000000000	53	kjxnnsfsb6cd	f8c188a4-c4d9-4e8a-bfb3-9522224bd5f2	t	2026-04-23 08:51:43.802368+00	2026-04-23 09:49:44.454789+00	pkx4bqk5lb5f	8d59f8f9-5b44-445c-90e2-b3a849f377eb
00000000-0000-0000-0000-000000000000	55	fg5gzyj47x7a	f8c188a4-c4d9-4e8a-bfb3-9522224bd5f2	t	2026-04-23 09:49:44.455808+00	2026-04-23 11:08:16.336979+00	kjxnnsfsb6cd	8d59f8f9-5b44-445c-90e2-b3a849f377eb
00000000-0000-0000-0000-000000000000	54	lfltuvhxqzhh	bec22385-bb07-4cae-8565-0a96b2df8d8e	t	2026-04-23 09:48:09.58937+00	2026-04-23 11:08:16.337565+00	ap7g5waksuw6	3c6f4a7f-149e-43aa-afd6-36df0a77e0b8
00000000-0000-0000-0000-000000000000	57	iug3cdfvq4ov	bec22385-bb07-4cae-8565-0a96b2df8d8e	t	2026-04-23 11:08:16.345653+00	2026-04-23 12:06:37.089971+00	lfltuvhxqzhh	3c6f4a7f-149e-43aa-afd6-36df0a77e0b8
00000000-0000-0000-0000-000000000000	76	x55sbnbjbf6j	bec22385-bb07-4cae-8565-0a96b2df8d8e	t	2026-04-24 07:11:29.3988+00	2026-04-24 08:09:41.15736+00	2zh4bwtrem27	3c6f4a7f-149e-43aa-afd6-36df0a77e0b8
00000000-0000-0000-0000-000000000000	78	icjyuwxw4vze	bec22385-bb07-4cae-8565-0a96b2df8d8e	t	2026-04-24 09:08:04.074221+00	2026-04-24 10:06:20.877058+00	pojrh7kuggdg	3c6f4a7f-149e-43aa-afd6-36df0a77e0b8
00000000-0000-0000-0000-000000000000	84	btjlq6qcnrt4	bec22385-bb07-4cae-8565-0a96b2df8d8e	t	2026-04-24 12:03:20.867239+00	2026-04-24 13:01:42.530871+00	verc32fqgufq	3c6f4a7f-149e-43aa-afd6-36df0a77e0b8
00000000-0000-0000-0000-000000000000	82	gmbfmxasmbyc	d73c7ffd-fc05-4f38-9840-339768023531	t	2026-04-24 11:56:51.810538+00	2026-04-24 13:15:44.965091+00	\N	279f295a-2643-42e7-bd8a-ba70f833342e
00000000-0000-0000-0000-000000000000	86	4trmbcpjjre3	d73c7ffd-fc05-4f38-9840-339768023531	t	2026-04-24 13:15:44.973778+00	2026-04-24 14:13:47.97666+00	gmbfmxasmbyc	279f295a-2643-42e7-bd8a-ba70f833342e
00000000-0000-0000-0000-000000000000	80	p7prce37hlr3	f8c188a4-c4d9-4e8a-bfb3-9522224bd5f2	t	2026-04-24 10:59:46.389015+00	2026-04-24 14:17:36.286057+00	oxyfxlywizu7	8d59f8f9-5b44-445c-90e2-b3a849f377eb
00000000-0000-0000-0000-000000000000	88	tqv6o6vyejzv	d73c7ffd-fc05-4f38-9840-339768023531	t	2026-04-24 14:13:47.983893+00	2026-04-24 15:11:47.989456+00	4trmbcpjjre3	279f295a-2643-42e7-bd8a-ba70f833342e
00000000-0000-0000-0000-000000000000	92	nyiarmtu357w	f8c188a4-c4d9-4e8a-bfb3-9522224bd5f2	f	2026-04-24 15:48:33.077128+00	2026-04-24 15:48:33.077128+00	3jc6e3l64lly	8d59f8f9-5b44-445c-90e2-b3a849f377eb
00000000-0000-0000-0000-000000000000	94	ojbr6zlm7v2l	bec22385-bb07-4cae-8565-0a96b2df8d8e	t	2026-04-25 02:09:20.705984+00	2026-04-25 03:07:48.12879+00	tsvjiumldonk	3c6f4a7f-149e-43aa-afd6-36df0a77e0b8
00000000-0000-0000-0000-000000000000	90	5dwjwtnvikhu	d73c7ffd-fc05-4f38-9840-339768023531	t	2026-04-24 15:11:47.998871+00	2026-04-25 03:20:15.591486+00	tqv6o6vyejzv	279f295a-2643-42e7-bd8a-ba70f833342e
00000000-0000-0000-0000-000000000000	96	tjsb56ryfath	d73c7ffd-fc05-4f38-9840-339768023531	t	2026-04-25 03:20:15.595366+00	2026-04-25 04:19:30.227174+00	5dwjwtnvikhu	279f295a-2643-42e7-bd8a-ba70f833342e
00000000-0000-0000-0000-000000000000	98	2aafxsmlnejg	d73c7ffd-fc05-4f38-9840-339768023531	t	2026-04-25 05:17:53.587069+00	2026-04-25 06:16:13.235835+00	sfti3qqntvds	279f295a-2643-42e7-bd8a-ba70f833342e
00000000-0000-0000-0000-000000000000	100	56dkx35hqktm	d73c7ffd-fc05-4f38-9840-339768023531	t	2026-04-25 09:23:56.274556+00	2026-04-25 10:22:10.900455+00	aee5btghscjm	279f295a-2643-42e7-bd8a-ba70f833342e
00000000-0000-0000-0000-000000000000	102	azgeqeraumdr	d73c7ffd-fc05-4f38-9840-339768023531	f	2026-04-26 01:07:19.252431+00	2026-04-26 01:07:19.252431+00	vhpv2tqoos3s	279f295a-2643-42e7-bd8a-ba70f833342e
00000000-0000-0000-0000-000000000000	104	6gjkmuqxli25	bec22385-bb07-4cae-8565-0a96b2df8d8e	t	2026-04-26 04:58:11.693152+00	2026-04-26 05:56:33.315475+00	7f3r4etukd7r	3c6f4a7f-149e-43aa-afd6-36df0a77e0b8
00000000-0000-0000-0000-000000000000	107	vz5mnpz2374u	bec22385-bb07-4cae-8565-0a96b2df8d8e	t	2026-04-26 05:56:33.328455+00	2026-04-26 06:54:55.529664+00	6gjkmuqxli25	3c6f4a7f-149e-43aa-afd6-36df0a77e0b8
00000000-0000-0000-0000-000000000000	109	cmopbcqpns5w	bec22385-bb07-4cae-8565-0a96b2df8d8e	t	2026-04-26 06:54:55.540598+00	2026-04-26 07:53:12.54981+00	vz5mnpz2374u	3c6f4a7f-149e-43aa-afd6-36df0a77e0b8
00000000-0000-0000-0000-000000000000	111	37byljcnoktq	bec22385-bb07-4cae-8565-0a96b2df8d8e	t	2026-04-26 07:53:12.563951+00	2026-04-26 22:52:50.29596+00	cmopbcqpns5w	3c6f4a7f-149e-43aa-afd6-36df0a77e0b8
00000000-0000-0000-0000-000000000000	113	2mv6qpdbihoa	e7507026-a0f5-4939-b400-e8d72ef1920f	t	2026-04-26 22:52:48.17915+00	2026-04-26 23:50:58.100947+00	oivj2kcygemz	53b195d7-c160-4cfe-a256-56ed6ca0730e
00000000-0000-0000-0000-000000000000	114	fgcis75ump3b	bec22385-bb07-4cae-8565-0a96b2df8d8e	t	2026-04-26 22:52:50.296379+00	2026-04-26 23:51:13.57866+00	37byljcnoktq	3c6f4a7f-149e-43aa-afd6-36df0a77e0b8
00000000-0000-0000-0000-000000000000	117	u3m4z4nnskuq	bec22385-bb07-4cae-8565-0a96b2df8d8e	f	2026-04-27 00:49:14.132816+00	2026-04-27 00:49:14.132816+00	3ttwkblo3e6h	3c6f4a7f-149e-43aa-afd6-36df0a77e0b8
00000000-0000-0000-0000-000000000000	119	htonjyuxffbz	d058d7a9-87a2-4f2e-8dbf-34ae96ed3566	f	2026-04-28 00:58:12.210639+00	2026-04-28 00:58:12.210639+00	\N	e77c25cb-9af6-4078-bf9d-d460fd043ee1
00000000-0000-0000-0000-000000000000	120	f47lyufgkfm6	c650af3b-126d-482b-963f-cfcf9f24d74f	t	2026-04-28 00:58:12.210636+00	2026-04-28 02:22:04.748679+00	\N	46aeaf0e-d40f-46d0-91db-5a616c46ccfe
00000000-0000-0000-0000-000000000000	122	aglkl5gn3pzn	c650af3b-126d-482b-963f-cfcf9f24d74f	f	2026-04-28 02:22:04.761479+00	2026-04-28 02:22:04.761479+00	f47lyufgkfm6	46aeaf0e-d40f-46d0-91db-5a616c46ccfe
00000000-0000-0000-0000-000000000000	74	fj3xuv3embnb	bec22385-bb07-4cae-8565-0a96b2df8d8e	t	2026-04-24 03:02:06.896807+00	2026-04-24 04:00:07.713139+00	xhgbeytwr7lm	3c6f4a7f-149e-43aa-afd6-36df0a77e0b8
00000000-0000-0000-0000-000000000000	58	6k22e4q3b2zd	bec22385-bb07-4cae-8565-0a96b2df8d8e	t	2026-04-23 12:06:37.104702+00	2026-04-23 13:04:55.906888+00	iug3cdfvq4ov	3c6f4a7f-149e-43aa-afd6-36df0a77e0b8
00000000-0000-0000-0000-000000000000	77	pojrh7kuggdg	bec22385-bb07-4cae-8565-0a96b2df8d8e	t	2026-04-24 08:09:41.167391+00	2026-04-24 09:08:04.059574+00	x55sbnbjbf6j	3c6f4a7f-149e-43aa-afd6-36df0a77e0b8
00000000-0000-0000-0000-000000000000	59	qmjby5wfezm4	bec22385-bb07-4cae-8565-0a96b2df8d8e	t	2026-04-23 13:04:55.919651+00	2026-04-23 14:03:20.510597+00	6k22e4q3b2zd	3c6f4a7f-149e-43aa-afd6-36df0a77e0b8
00000000-0000-0000-0000-000000000000	60	vipwg53bcd6z	bec22385-bb07-4cae-8565-0a96b2df8d8e	t	2026-04-23 14:03:20.516709+00	2026-04-23 15:01:44.606613+00	qmjby5wfezm4	3c6f4a7f-149e-43aa-afd6-36df0a77e0b8
00000000-0000-0000-0000-000000000000	73	oxyfxlywizu7	f8c188a4-c4d9-4e8a-bfb3-9522224bd5f2	t	2026-04-24 02:50:23.467823+00	2026-04-24 10:59:46.379891+00	tneem2tdghpy	8d59f8f9-5b44-445c-90e2-b3a849f377eb
00000000-0000-0000-0000-000000000000	61	m7zpipibw6ck	bec22385-bb07-4cae-8565-0a96b2df8d8e	t	2026-04-23 15:01:44.614206+00	2026-04-23 16:00:08.31969+00	vipwg53bcd6z	3c6f4a7f-149e-43aa-afd6-36df0a77e0b8
00000000-0000-0000-0000-000000000000	79	x42culm7hm5p	bec22385-bb07-4cae-8565-0a96b2df8d8e	t	2026-04-24 10:06:20.885009+00	2026-04-24 11:04:53.95582+00	icjyuwxw4vze	3c6f4a7f-149e-43aa-afd6-36df0a77e0b8
00000000-0000-0000-0000-000000000000	62	3sh7xtfbc5av	bec22385-bb07-4cae-8565-0a96b2df8d8e	t	2026-04-23 16:00:08.327736+00	2026-04-23 16:58:31.184768+00	m7zpipibw6ck	3c6f4a7f-149e-43aa-afd6-36df0a77e0b8
00000000-0000-0000-0000-000000000000	63	yqio4lctfjh7	bec22385-bb07-4cae-8565-0a96b2df8d8e	t	2026-04-23 16:58:31.190677+00	2026-04-23 17:56:56.564967+00	3sh7xtfbc5av	3c6f4a7f-149e-43aa-afd6-36df0a77e0b8
00000000-0000-0000-0000-000000000000	83	s6s7br325wti	efeb01f8-8094-4aa6-b311-bac8712fa97c	f	2026-04-24 11:56:51.810651+00	2026-04-24 11:56:51.810651+00	\N	615f968f-3412-40f5-93e2-b8859fd2d68b
00000000-0000-0000-0000-000000000000	64	nnk3djv7vedq	bec22385-bb07-4cae-8565-0a96b2df8d8e	t	2026-04-23 17:56:56.571639+00	2026-04-23 18:55:19.03987+00	yqio4lctfjh7	3c6f4a7f-149e-43aa-afd6-36df0a77e0b8
00000000-0000-0000-0000-000000000000	81	verc32fqgufq	bec22385-bb07-4cae-8565-0a96b2df8d8e	t	2026-04-24 11:04:53.962488+00	2026-04-24 12:03:20.857835+00	x42culm7hm5p	3c6f4a7f-149e-43aa-afd6-36df0a77e0b8
00000000-0000-0000-0000-000000000000	65	znws2cn54t5c	bec22385-bb07-4cae-8565-0a96b2df8d8e	t	2026-04-23 18:55:19.049963+00	2026-04-23 19:53:41.808714+00	nnk3djv7vedq	3c6f4a7f-149e-43aa-afd6-36df0a77e0b8
00000000-0000-0000-0000-000000000000	66	dkvb6h3b4zah	bec22385-bb07-4cae-8565-0a96b2df8d8e	t	2026-04-23 19:53:41.817718+00	2026-04-23 20:52:04.698793+00	znws2cn54t5c	3c6f4a7f-149e-43aa-afd6-36df0a77e0b8
00000000-0000-0000-0000-000000000000	85	xpl7s6fu5gqe	bec22385-bb07-4cae-8565-0a96b2df8d8e	t	2026-04-24 13:01:42.549392+00	2026-04-24 14:00:02.396654+00	btjlq6qcnrt4	3c6f4a7f-149e-43aa-afd6-36df0a77e0b8
00000000-0000-0000-0000-000000000000	67	nvbwymqo33bh	bec22385-bb07-4cae-8565-0a96b2df8d8e	t	2026-04-23 20:52:04.705924+00	2026-04-23 21:50:28.590793+00	dkvb6h3b4zah	3c6f4a7f-149e-43aa-afd6-36df0a77e0b8
00000000-0000-0000-0000-000000000000	68	dg5hxjg4qlme	bec22385-bb07-4cae-8565-0a96b2df8d8e	t	2026-04-23 21:50:28.599311+00	2026-04-23 22:48:51.408328+00	nvbwymqo33bh	3c6f4a7f-149e-43aa-afd6-36df0a77e0b8
00000000-0000-0000-0000-000000000000	69	mkzer3ssxzni	bec22385-bb07-4cae-8565-0a96b2df8d8e	t	2026-04-23 22:48:51.415698+00	2026-04-23 23:47:14.289938+00	dg5hxjg4qlme	3c6f4a7f-149e-43aa-afd6-36df0a77e0b8
00000000-0000-0000-0000-000000000000	87	pvyw7r2hokjv	bec22385-bb07-4cae-8565-0a96b2df8d8e	t	2026-04-24 14:00:02.415923+00	2026-04-24 15:30:25.816454+00	xpl7s6fu5gqe	3c6f4a7f-149e-43aa-afd6-36df0a77e0b8
00000000-0000-0000-0000-000000000000	70	qnn2a4qfzump	bec22385-bb07-4cae-8565-0a96b2df8d8e	t	2026-04-23 23:47:14.305245+00	2026-04-24 01:05:47.666184+00	mkzer3ssxzni	3c6f4a7f-149e-43aa-afd6-36df0a77e0b8
00000000-0000-0000-0000-000000000000	71	t4n5okw3pl6m	bec22385-bb07-4cae-8565-0a96b2df8d8e	t	2026-04-24 01:05:47.672951+00	2026-04-24 02:03:58.503054+00	qnn2a4qfzump	3c6f4a7f-149e-43aa-afd6-36df0a77e0b8
00000000-0000-0000-0000-000000000000	89	3jc6e3l64lly	f8c188a4-c4d9-4e8a-bfb3-9522224bd5f2	t	2026-04-24 14:17:36.291251+00	2026-04-24 15:48:33.070211+00	p7prce37hlr3	8d59f8f9-5b44-445c-90e2-b3a849f377eb
00000000-0000-0000-0000-000000000000	56	tneem2tdghpy	f8c188a4-c4d9-4e8a-bfb3-9522224bd5f2	t	2026-04-23 11:08:16.345638+00	2026-04-24 02:50:23.458661+00	fg5gzyj47x7a	8d59f8f9-5b44-445c-90e2-b3a849f377eb
00000000-0000-0000-0000-000000000000	72	xhgbeytwr7lm	bec22385-bb07-4cae-8565-0a96b2df8d8e	t	2026-04-24 02:03:58.519053+00	2026-04-24 03:02:06.889189+00	t4n5okw3pl6m	3c6f4a7f-149e-43aa-afd6-36df0a77e0b8
00000000-0000-0000-0000-000000000000	91	szu3cmpx7wei	bec22385-bb07-4cae-8565-0a96b2df8d8e	t	2026-04-24 15:30:25.820121+00	2026-04-24 16:28:54.301732+00	pvyw7r2hokjv	3c6f4a7f-149e-43aa-afd6-36df0a77e0b8
00000000-0000-0000-0000-000000000000	93	tsvjiumldonk	bec22385-bb07-4cae-8565-0a96b2df8d8e	t	2026-04-24 16:28:54.308779+00	2026-04-25 02:09:20.689071+00	szu3cmpx7wei	3c6f4a7f-149e-43aa-afd6-36df0a77e0b8
00000000-0000-0000-0000-000000000000	97	sfti3qqntvds	d73c7ffd-fc05-4f38-9840-339768023531	t	2026-04-25 04:19:30.24297+00	2026-04-25 05:17:53.57692+00	tjsb56ryfath	279f295a-2643-42e7-bd8a-ba70f833342e
00000000-0000-0000-0000-000000000000	99	aee5btghscjm	d73c7ffd-fc05-4f38-9840-339768023531	t	2026-04-25 06:16:13.245746+00	2026-04-25 09:23:56.263468+00	2aafxsmlnejg	279f295a-2643-42e7-bd8a-ba70f833342e
00000000-0000-0000-0000-000000000000	101	vhpv2tqoos3s	d73c7ffd-fc05-4f38-9840-339768023531	t	2026-04-25 10:22:10.912329+00	2026-04-26 01:07:19.232956+00	56dkx35hqktm	279f295a-2643-42e7-bd8a-ba70f833342e
00000000-0000-0000-0000-000000000000	95	7f3r4etukd7r	bec22385-bb07-4cae-8565-0a96b2df8d8e	t	2026-04-25 03:07:48.146516+00	2026-04-26 04:58:11.684152+00	ojbr6zlm7v2l	3c6f4a7f-149e-43aa-afd6-36df0a77e0b8
00000000-0000-0000-0000-000000000000	105	5aqgzz554vn4	423a8d20-a8c4-44a8-9f74-ef1402ef9241	f	2026-04-26 05:05:19.820166+00	2026-04-26 05:05:19.820166+00	\N	c6476dda-2a4a-4a48-9f58-4e644934ec8e
00000000-0000-0000-0000-000000000000	106	jzp3l7ju5vn7	e7507026-a0f5-4939-b400-e8d72ef1920f	t	2026-04-26 05:05:19.820164+00	2026-04-26 06:03:23.187546+00	\N	53b195d7-c160-4cfe-a256-56ed6ca0730e
00000000-0000-0000-0000-000000000000	108	6tlzoh65ql2b	e7507026-a0f5-4939-b400-e8d72ef1920f	t	2026-04-26 06:03:23.192565+00	2026-04-26 07:01:34.304489+00	jzp3l7ju5vn7	53b195d7-c160-4cfe-a256-56ed6ca0730e
00000000-0000-0000-0000-000000000000	110	zd2pu3jpravh	e7507026-a0f5-4939-b400-e8d72ef1920f	t	2026-04-26 07:01:34.314109+00	2026-04-26 07:59:42.398198+00	6tlzoh65ql2b	53b195d7-c160-4cfe-a256-56ed6ca0730e
00000000-0000-0000-0000-000000000000	112	oivj2kcygemz	e7507026-a0f5-4939-b400-e8d72ef1920f	t	2026-04-26 07:59:42.405695+00	2026-04-26 22:52:48.16044+00	zd2pu3jpravh	53b195d7-c160-4cfe-a256-56ed6ca0730e
00000000-0000-0000-0000-000000000000	115	giuaijmnsz5h	e7507026-a0f5-4939-b400-e8d72ef1920f	f	2026-04-26 23:50:58.114668+00	2026-04-26 23:50:58.114668+00	2mv6qpdbihoa	53b195d7-c160-4cfe-a256-56ed6ca0730e
00000000-0000-0000-0000-000000000000	116	3ttwkblo3e6h	bec22385-bb07-4cae-8565-0a96b2df8d8e	t	2026-04-26 23:51:13.579073+00	2026-04-27 00:49:14.116443+00	fgcis75ump3b	3c6f4a7f-149e-43aa-afd6-36df0a77e0b8
00000000-0000-0000-0000-000000000000	103	5wdefghigrke	73212e6f-61c6-4b0d-825d-5a0422339641	t	2026-04-26 04:03:24.508507+00	2026-04-28 00:24:53.128722+00	h3xnokvm5u6d	8dc70c16-1b2c-4b2d-bce7-1c8814f5cf63
00000000-0000-0000-0000-000000000000	118	5jbrlatxeycb	73212e6f-61c6-4b0d-825d-5a0422339641	t	2026-04-28 00:24:53.151155+00	2026-04-28 01:22:58.471819+00	5wdefghigrke	8dc70c16-1b2c-4b2d-bce7-1c8814f5cf63
00000000-0000-0000-0000-000000000000	121	yuvybjc3qt6y	73212e6f-61c6-4b0d-825d-5a0422339641	t	2026-04-28 01:22:58.479474+00	2026-04-28 02:42:49.615973+00	5jbrlatxeycb	8dc70c16-1b2c-4b2d-bce7-1c8814f5cf63
00000000-0000-0000-0000-000000000000	123	m2uuyrpft6bo	73212e6f-61c6-4b0d-825d-5a0422339641	f	2026-04-28 02:42:49.622503+00	2026-04-28 02:42:49.622503+00	yuvybjc3qt6y	8dc70c16-1b2c-4b2d-bce7-1c8814f5cf63
\.


--
-- Data for Name: sso_providers; Type: TABLE DATA; Schema: auth; Owner: supabase_auth_admin
--

COPY "auth"."sso_providers" ("id", "resource_id", "created_at", "updated_at", "disabled") FROM stdin;
\.


--
-- Data for Name: saml_providers; Type: TABLE DATA; Schema: auth; Owner: supabase_auth_admin
--

COPY "auth"."saml_providers" ("id", "sso_provider_id", "entity_id", "metadata_xml", "metadata_url", "attribute_mapping", "created_at", "updated_at", "name_id_format") FROM stdin;
\.


--
-- Data for Name: saml_relay_states; Type: TABLE DATA; Schema: auth; Owner: supabase_auth_admin
--

COPY "auth"."saml_relay_states" ("id", "sso_provider_id", "request_id", "for_email", "redirect_to", "created_at", "updated_at", "flow_state_id") FROM stdin;
\.


--
-- Data for Name: sso_domains; Type: TABLE DATA; Schema: auth; Owner: supabase_auth_admin
--

COPY "auth"."sso_domains" ("id", "sso_provider_id", "domain", "created_at", "updated_at") FROM stdin;
\.


--
-- Data for Name: webauthn_challenges; Type: TABLE DATA; Schema: auth; Owner: supabase_auth_admin
--

COPY "auth"."webauthn_challenges" ("id", "user_id", "challenge_type", "session_data", "created_at", "expires_at") FROM stdin;
\.


--
-- Data for Name: webauthn_credentials; Type: TABLE DATA; Schema: auth; Owner: supabase_auth_admin
--

COPY "auth"."webauthn_credentials" ("id", "user_id", "credential_id", "public_key", "attestation_type", "aaguid", "sign_count", "transports", "backup_eligible", "backed_up", "friendly_name", "created_at", "updated_at", "last_used_at") FROM stdin;
\.


--
-- Data for Name: user; Type: TABLE DATA; Schema: public; Owner: postgres
--

COPY "public"."user" ("id", "name", "email", "emailVerified", "image", "createdAt", "updatedAt") FROM stdin;
yXPg3GolWNcpzg9nXOyq45A4MGQS104c	Admin	admin@gmail.com	0	\N	2026-04-26	2026-04-26
\.


--
-- Data for Name: account; Type: TABLE DATA; Schema: public; Owner: postgres
--

COPY "public"."account" ("id", "accountId", "providerId", "userId", "accessToken", "refreshToken", "idToken", "accessTokenExpiresAt", "refreshTokenExpiresAt", "scope", "password", "createdAt", "updatedAt") FROM stdin;
wFNjYW9OmD90pVGUKkKAEZNiFgiRBmJ9	yXPg3GolWNcpzg9nXOyq45A4MGQS104c	credential	yXPg3GolWNcpzg9nXOyq45A4MGQS104c	\N	\N	\N	\N	\N	\N	10cb0515389b0627766bae5eca4fc660:5f79f2bde9e548abdf14d8316acac1b6f5ac6dc813c1816ed3dffee2aad455c5e0859f0cd8fbe20b7b368819142ba7ccc90fd8cc691bfb8a036124f90f64d9eb	2026-04-26	2026-04-26
\.


--
-- Data for Name: admin_users; Type: TABLE DATA; Schema: public; Owner: postgres
--

COPY "public"."admin_users" ("id", "better_auth_user_id", "email", "name", "created_at") FROM stdin;
882c3b82-bc05-43dd-9861-2a33cb08d673	yXPg3GolWNcpzg9nXOyq45A4MGQS104c	admin@gmail.com	Admin	2026-04-26 23:24:14.257494+00
\.


--
-- Data for Name: party_sessions; Type: TABLE DATA; Schema: public; Owner: postgres
--

COPY "public"."party_sessions" ("id", "title", "start_time", "end_time", "status", "participant_limit", "created_at") FROM stdin;
655752d6-e5ff-4665-bda9-4bd7c0a4b630	환영 파티	2026-04-22 09:12:18.593+00	2026-04-22 10:12:18.593+00	ONGOING	100	2026-04-22 09:12:18.640883+00
\.


--
-- Data for Name: participants; Type: TABLE DATA; Schema: public; Owner: postgres
--

COPY "public"."participants" ("id", "nickname", "created_at", "last_active", "session_id", "anonymous_id", "nickname_change_count", "is_first_applied", "is_second_applied", "cupid_count", "like_count") FROM stdin;
admin-test	관리자봇	2026-04-22 04:06:33.965255+00	2026-04-22 04:06:33.965255+00	\N	\N	0	f	f	2	3
e6739792-520a-4299-a022-a716f3ff378a	검증봇_se9y5k	2026-04-22 04:09:39.870717+00	2026-04-22 04:09:39.870717+00	\N	\N	0	f	f	2	3
291be271-e633-4489-ada4-fdd783dbae6b	상큼체리	2026-04-22 09:45:32.189045+00	2026-04-22 09:45:32.176+00	655752d6-e5ff-4665-bda9-4bd7c0a4b630	virtual_user_0	0	t	t	2	3
898f6fc4-3385-425e-a1a4-485ba7c1e900	젠틀맨	2026-04-22 09:45:32.189045+00	2026-04-22 09:45:32.176+00	655752d6-e5ff-4665-bda9-4bd7c0a4b630	virtual_user_1	0	t	f	2	3
58ab57ef-264d-4d80-bdd3-fed274e5b24c	춤추는곰	2026-04-22 09:45:32.189045+00	2026-04-22 09:45:32.176+00	655752d6-e5ff-4665-bda9-4bd7c0a4b630	virtual_user_2	0	t	t	2	3
b2bb9b7b-238c-4f52-a107-290e454cc4be	미소천사	2026-04-22 09:45:32.189045+00	2026-04-22 09:45:32.176+00	655752d6-e5ff-4665-bda9-4bd7c0a4b630	virtual_user_3	0	t	f	2	3
4acf2cf4-43d8-4b43-9c9e-1528d1d0d23e	불타는낙지	2026-04-22 09:45:32.189045+00	2026-04-22 09:45:32.176+00	655752d6-e5ff-4665-bda9-4bd7c0a4b630	virtual_user_4	0	t	f	2	3
498083fe-5a97-4f9e-8e2f-83e82c8b908d	새벽별	2026-04-22 09:45:32.189045+00	2026-04-22 09:45:32.176+00	655752d6-e5ff-4665-bda9-4bd7c0a4b630	virtual_user_5	0	t	f	2	3
a0647905-4d5c-40df-a673-0f0673d86fbc	바다코끼리	2026-04-22 09:45:32.189045+00	2026-04-22 09:45:32.176+00	655752d6-e5ff-4665-bda9-4bd7c0a4b630	virtual_user_6	0	t	f	2	3
35e202d8-f9bf-4711-8e8d-a96d8bd4c245	번개파워	2026-04-22 09:45:32.189045+00	2026-04-22 09:45:32.176+00	655752d6-e5ff-4665-bda9-4bd7c0a4b630	virtual_user_7	0	f	f	2	3
9c8a59fb-8489-48be-b323-75de6c9569b2	슈퍼히어로	2026-04-22 09:45:32.189045+00	2026-04-22 09:45:32.176+00	655752d6-e5ff-4665-bda9-4bd7c0a4b630	virtual_user_8	0	t	t	2	3
c97f745e-67a2-4cc8-8bd1-1ef61f51ccac	커피매니아	2026-04-22 09:45:32.189045+00	2026-04-22 09:45:32.176+00	655752d6-e5ff-4665-bda9-4bd7c0a4b630	virtual_user_9	0	f	t	2	3
bd26e613-4d29-49f2-a2cf-2b50e7abba32	비구름	2026-04-22 09:45:32.189045+00	2026-04-22 09:45:32.176+00	655752d6-e5ff-4665-bda9-4bd7c0a4b630	virtual_user_10	0	t	f	2	3
35db76b3-e0ee-46f1-bba8-9ec4f51125b3	초코쿠키	2026-04-22 09:45:32.189045+00	2026-04-22 09:45:32.176+00	655752d6-e5ff-4665-bda9-4bd7c0a4b630	virtual_user_11	0	f	f	2	3
e47cc0aa-8443-415d-bc2b-e91b0fb91329	우주비행사	2026-04-22 09:45:32.189045+00	2026-04-22 09:45:32.176+00	655752d6-e5ff-4665-bda9-4bd7c0a4b630	virtual_user_12	0	t	t	2	3
a221faae-813b-46a3-be2e-36e6c2e102ba	산들바람	2026-04-22 09:45:32.189045+00	2026-04-22 09:45:32.176+00	655752d6-e5ff-4665-bda9-4bd7c0a4b630	virtual_user_13	0	t	f	2	3
b2a8afc9-4222-4cc6-8531-ecfff0c2bc2c	푸른하늘	2026-04-22 09:45:32.189045+00	2026-04-22 09:45:32.176+00	655752d6-e5ff-4665-bda9-4bd7c0a4b630	virtual_user_14	0	t	t	2	3
b6498937-d858-4d4b-957a-3fc7465dfdfd	달빛사냥꾼	2026-04-22 09:45:32.189045+00	2026-04-22 09:45:32.176+00	655752d6-e5ff-4665-bda9-4bd7c0a4b630	virtual_user_15	0	f	f	2	3
628152ff-ffbb-42bc-8483-81aa6b844935	무지개	2026-04-22 09:45:32.189045+00	2026-04-22 09:45:32.176+00	655752d6-e5ff-4665-bda9-4bd7c0a4b630	virtual_user_16	0	t	t	2	3
45d75063-b40d-4956-8010-a0c83698d91d	들꽃	2026-04-22 09:45:32.189045+00	2026-04-22 09:45:32.176+00	655752d6-e5ff-4665-bda9-4bd7c0a4b630	virtual_user_17	0	t	t	2	3
f4af66ca-d8a5-4ea8-864c-6fc149cb1992	북극곰	2026-04-22 09:45:32.189045+00	2026-04-22 09:45:32.176+00	655752d6-e5ff-4665-bda9-4bd7c0a4b630	virtual_user_18	0	f	f	2	3
8e88bba6-d8cc-43a5-b9b4-503ad4453fee	펭귄친구	2026-04-22 09:45:32.189045+00	2026-04-22 09:45:32.176+00	655752d6-e5ff-4665-bda9-4bd7c0a4b630	virtual_user_19	0	t	t	2	3
d349e094-308e-4b1b-8654-7824dc3b3c28	더더대물	2026-04-22 09:16:09.871246+00	2026-04-22 10:51:50.498+00	655752d6-e5ff-4665-bda9-4bd7c0a4b630	bd22d955-7d04-41e9-a77a-5b9198d91a8d	2	f	f	1	3
1cd8c185-0f5c-48ae-9a97-4561d7ae61a5	바람남	2026-04-22 12:14:37.005048+00	2026-04-22 12:14:36.963+00	655752d6-e5ff-4665-bda9-4bd7c0a4b630	73212e6f-61c6-4b0d-825d-5a0422339641	0	f	f	2	3
897ed717-bf30-44dc-9cd8-034a8a5bc997	나나나	2026-04-23 00:13:54.981109+00	2026-04-23 00:13:54.954+00	655752d6-e5ff-4665-bda9-4bd7c0a4b630	ef7cc0f3-6991-4cd2-8f8e-530575d2e830	0	f	f	2	3
dfe52389-394f-4af5-b86d-97b28664b00a	totozul	2026-04-23 06:55:01.876408+00	2026-04-23 06:55:01.793+00	655752d6-e5ff-4665-bda9-4bd7c0a4b630	f8c188a4-c4d9-4e8a-bfb3-9522224bd5f2	0	f	f	0	3
735c27ae-8e85-4c25-8013-7d0fc7adc55e	불여시	2026-04-24 11:57:11.192654+00	2026-04-24 11:57:11.174+00	655752d6-e5ff-4665-bda9-4bd7c0a4b630	d73c7ffd-fc05-4f38-9840-339768023531	0	f	f	2	3
df16dd74-59c1-495b-8093-9e6ba640ebaa	유신	2026-04-26 05:23:46.100444+00	2026-04-26 05:23:46.046+00	655752d6-e5ff-4665-bda9-4bd7c0a4b630	e7507026-a0f5-4939-b400-e8d72ef1920f	0	f	f	2	3
a5a8093e-eca9-4a01-9b0b-26461ac73e23	불여우수정	2026-04-22 12:13:46.219899+00	2026-04-26 07:20:58.496+00	655752d6-e5ff-4665-bda9-4bd7c0a4b630	bec22385-bb07-4cae-8565-0a96b2df8d8e	1	f	f	0	0
\.


--
-- Data for Name: alerts; Type: TABLE DATA; Schema: public; Owner: postgres
--

COPY "public"."alerts" ("id", "created_at", "participant_id", "type", "message", "resolved", "session_id", "receiver_id") FROM stdin;
7cd21cfb-923c-426c-b028-c68e4140eac5	2026-04-22 04:09:39.917003+00	e6739792-520a-4299-a022-a716f3ff378a	SYSTEM	연결 테스트 중	f	\N	\N
bde8ab23-952d-4785-9cf8-3ddd34c6cdbb	2026-04-23 00:54:06.091477+00	897ed717-bf30-44dc-9cd8-034a8a5bc997	MUSIC	🎵 노래 신청: ㄷㄷㄷ	f	655752d6-e5ff-4665-bda9-4bd7c0a4b630	\N
fbc472de-949a-450d-8d14-fadc0383994c	2026-04-23 06:59:14.032513+00	a5a8093e-eca9-4a01-9b0b-26461ac73e23	MUSIC	🎵 노래 신청: 불여우가 신청합니다. 아름다운 당신..	f	655752d6-e5ff-4665-bda9-4bd7c0a4b630	\N
51b5d549-e222-4d36-b9fb-982a708a08e9	2026-04-23 07:00:03.401442+00	a5a8093e-eca9-4a01-9b0b-26461ac73e23	SOS	🚨 SOS: 도움이 필요헤요\n	f	655752d6-e5ff-4665-bda9-4bd7c0a4b630	\N
6d3cda8f-ec13-44ff-9829-6fa41fb0b71e	2026-04-23 07:04:33.48448+00	a5a8093e-eca9-4a01-9b0b-26461ac73e23	SOS	🚨 SOS: 불여우... 도움	t	655752d6-e5ff-4665-bda9-4bd7c0a4b630	\N
49394fe6-57bc-4322-96cb-8af44dfbe156	2026-04-23 07:03:58.461644+00	a5a8093e-eca9-4a01-9b0b-26461ac73e23	SOS	🚨 SOS: 불여우... 도움도움\n	t	655752d6-e5ff-4665-bda9-4bd7c0a4b630	\N
97e62bce-d7f2-4cfa-8403-80804de7dead	2026-04-23 07:03:25.416195+00	a5a8093e-eca9-4a01-9b0b-26461ac73e23	SOS	🚨 SOS: 불여우가 보냅니다. 도움도움	t	655752d6-e5ff-4665-bda9-4bd7c0a4b630	\N
618a2a36-f71b-4a66-9535-3c2aabd526d8	2026-04-23 00:14:09.460184+00	897ed717-bf30-44dc-9cd8-034a8a5bc997	MUSIC	🎵 노래 신청: 노래	t	655752d6-e5ff-4665-bda9-4bd7c0a4b630	\N
940a2631-48b3-4b2f-8267-cb7631fbb316	2026-04-26 07:19:58.062688+00	df16dd74-59c1-495b-8093-9e6ba640ebaa	SOS	🚨 SOS (유신): 도움도움	f	\N	\N
1b6cc6b0-1d31-43fc-afae-e3de4de5403b	2026-04-23 09:48:10.47489+00	a5a8093e-eca9-4a01-9b0b-26461ac73e23	SOS	🚨 SOS: 두움 주셈	t	655752d6-e5ff-4665-bda9-4bd7c0a4b630	\N
926100a9-ce07-42ac-9626-5e77e495c73c	2026-04-26 06:01:53.296625+00	a5a8093e-eca9-4a01-9b0b-26461ac73e23	SOS	🚨 SOS (불여우): 불여시. 도움 주셈	t	\N	\N
e04272cc-ff2b-4fe7-acbf-c414d35d177c	2026-04-26 06:02:13.063203+00	a5a8093e-eca9-4a01-9b0b-26461ac73e23	MUSIC	🎵 노래신청 (불여우): 음악신청	t	\N	\N
280e71ec-6666-45e6-b9a9-9ebb52388124	2026-04-26 07:19:45.800836+00	df16dd74-59c1-495b-8093-9e6ba640ebaa	MUSIC	🎵 노래신청 (유신): 음악음악	t	\N	\N
2cbb9d02-e467-4196-8592-60bb1cdcb458	2026-04-28 02:19:09.332424+00	1cd8c185-0f5c-48ae-9a97-4561d7ae61a5	SOS	🚨 SOS (바람남): 도움\n	f	\N	\N
ba0aae99-7faf-45c9-af99-22c0d9ca9daa	2026-04-28 02:43:07.173525+00	1cd8c185-0f5c-48ae-9a97-4561d7ae61a5	MUSIC	🎵 노래신청 (바람남): 노래신청	f	\N	\N
\.


--
-- Data for Name: announcements; Type: TABLE DATA; Schema: public; Owner: postgres
--

COPY "public"."announcements" ("id", "party_id", "content", "type", "created_at") FROM stdin;
ef1a9637-7f2d-4f1e-9d9e-dddca2fed31e	test-party-1	실시간 공지	info	2026-04-26 05:44:27.572231+00
880449da-4a5e-4d98-abc8-c63efa0109cf	test-party-1	두번째 공지\n	warning	2026-04-26 05:46:23.844045+00
bf7cf1cf-3d9e-497f-ae99-9b45c8ec3580	test-party-1	공지	info	2026-04-26 05:55:21.16294+00
a07688e7-34eb-4779-932a-a0e1b83eac47	\N	🚨 SOS (불여우): 불여시 .. 도와줘\n	emergency	2026-04-26 05:59:42.104762+00
\.


--
-- Data for Name: interactions; Type: TABLE DATA; Schema: public; Owner: postgres
--

COPY "public"."interactions" ("id", "type", "sender_id", "receiver_id", "session_id", "weight", "created_at") FROM stdin;
79fb04b8-9c3f-4ec5-a708-69dd94e1dc1e	LIKE	35db76b3-e0ee-46f1-bba8-9ec4f51125b3	35e202d8-f9bf-4711-8e8d-a96d8bd4c245	655752d6-e5ff-4665-bda9-4bd7c0a4b630	1	2026-04-22 09:55:59.858467+00
3fafa552-78b6-431f-8c2d-e874a417a52b	CUPID	35e202d8-f9bf-4711-8e8d-a96d8bd4c245	admin-test	655752d6-e5ff-4665-bda9-4bd7c0a4b630	1	2026-04-22 09:55:59.858467+00
b9eb63bb-50f4-4d72-ab55-e254bb0fc1f2	LIKE	35db76b3-e0ee-46f1-bba8-9ec4f51125b3	291be271-e633-4489-ada4-fdd783dbae6b	655752d6-e5ff-4665-bda9-4bd7c0a4b630	1	2026-04-22 09:55:59.858467+00
d5816a46-bb33-4a7b-a02d-a1cf61af584e	LIKE	498083fe-5a97-4f9e-8e2f-83e82c8b908d	58ab57ef-264d-4d80-bdd3-fed274e5b24c	655752d6-e5ff-4665-bda9-4bd7c0a4b630	1	2026-04-22 09:55:59.858467+00
9c7eeed8-99b2-4ee7-b1dc-3181fd9d9a14	LIKE	b6498937-d858-4d4b-957a-3fc7465dfdfd	c97f745e-67a2-4cc8-8bd1-1ef61f51ccac	655752d6-e5ff-4665-bda9-4bd7c0a4b630	2	2026-04-22 09:55:59.858467+00
d5b5a7f3-eac0-4d00-91da-2c9d65a8df99	LIKE	35db76b3-e0ee-46f1-bba8-9ec4f51125b3	e6739792-520a-4299-a022-a716f3ff378a	655752d6-e5ff-4665-bda9-4bd7c0a4b630	2	2026-04-22 09:55:59.858467+00
4bb13f9b-f754-48e6-a419-c3b27c99f2aa	CUPID	e47cc0aa-8443-415d-bc2b-e91b0fb91329	bd26e613-4d29-49f2-a2cf-2b50e7abba32	655752d6-e5ff-4665-bda9-4bd7c0a4b630	1	2026-04-22 09:55:59.858467+00
a7ffc554-0283-4ccc-9bbe-a7293b555160	LIKE	e47cc0aa-8443-415d-bc2b-e91b0fb91329	9c8a59fb-8489-48be-b323-75de6c9569b2	655752d6-e5ff-4665-bda9-4bd7c0a4b630	2	2026-04-22 09:55:59.858467+00
0e78a149-b469-4382-9392-7c59038d0195	LIKE	58ab57ef-264d-4d80-bdd3-fed274e5b24c	b2a8afc9-4222-4cc6-8531-ecfff0c2bc2c	655752d6-e5ff-4665-bda9-4bd7c0a4b630	1	2026-04-22 09:55:59.858467+00
03f2209c-4f1a-450f-9784-e66c3390b55f	LIKE	f4af66ca-d8a5-4ea8-864c-6fc149cb1992	b2bb9b7b-238c-4f52-a107-290e454cc4be	655752d6-e5ff-4665-bda9-4bd7c0a4b630	2	2026-04-22 09:55:59.858467+00
d2723e80-1224-4967-8d72-523269f6002b	CUPID	e6739792-520a-4299-a022-a716f3ff378a	4acf2cf4-43d8-4b43-9c9e-1528d1d0d23e	655752d6-e5ff-4665-bda9-4bd7c0a4b630	2	2026-04-22 09:55:59.858467+00
ab3aebf4-9afa-4418-802a-32b8a4d34aa5	CUPID	a0647905-4d5c-40df-a673-0f0673d86fbc	498083fe-5a97-4f9e-8e2f-83e82c8b908d	655752d6-e5ff-4665-bda9-4bd7c0a4b630	2	2026-04-22 09:55:59.858467+00
70de95d3-5940-4bda-a8ab-69a8941f6dff	CUPID	58ab57ef-264d-4d80-bdd3-fed274e5b24c	45d75063-b40d-4956-8010-a0c83698d91d	655752d6-e5ff-4665-bda9-4bd7c0a4b630	1	2026-04-22 09:55:59.858467+00
7ce86672-c68b-48bc-bafb-1bcf90ce2f37	LIKE	45d75063-b40d-4956-8010-a0c83698d91d	a221faae-813b-46a3-be2e-36e6c2e102ba	655752d6-e5ff-4665-bda9-4bd7c0a4b630	2	2026-04-22 09:55:59.858467+00
b7e7878d-0827-45b2-9368-0f9ecfb0eb6f	CUPID	b6498937-d858-4d4b-957a-3fc7465dfdfd	498083fe-5a97-4f9e-8e2f-83e82c8b908d	655752d6-e5ff-4665-bda9-4bd7c0a4b630	2	2026-04-22 09:55:59.858467+00
4847d766-1a3e-4ece-b8ef-88c80dd2ef03	LIKE	f4af66ca-d8a5-4ea8-864c-6fc149cb1992	45d75063-b40d-4956-8010-a0c83698d91d	655752d6-e5ff-4665-bda9-4bd7c0a4b630	1	2026-04-22 09:55:59.858467+00
6b3201cb-22bd-4917-8e31-169b4519dcb9	LIKE	628152ff-ffbb-42bc-8483-81aa6b844935	a221faae-813b-46a3-be2e-36e6c2e102ba	655752d6-e5ff-4665-bda9-4bd7c0a4b630	2	2026-04-22 09:55:59.858467+00
80fbbdd6-1779-4998-a0fe-889c43f8bb1f	LIKE	b2a8afc9-4222-4cc6-8531-ecfff0c2bc2c	admin-test	655752d6-e5ff-4665-bda9-4bd7c0a4b630	2	2026-04-22 09:55:59.858467+00
048e26bd-cd93-4bc4-83a0-376e744bcf6e	LIKE	9c8a59fb-8489-48be-b323-75de6c9569b2	4acf2cf4-43d8-4b43-9c9e-1528d1d0d23e	655752d6-e5ff-4665-bda9-4bd7c0a4b630	1	2026-04-22 09:55:59.858467+00
3ad4c842-380b-4ab4-99a0-c02d55324909	CUPID	8e88bba6-d8cc-43a5-b9b4-503ad4453fee	d349e094-308e-4b1b-8654-7824dc3b3c28	655752d6-e5ff-4665-bda9-4bd7c0a4b630	2	2026-04-22 09:55:59.858467+00
2f484f7f-5937-46f3-9ab0-b97824c08294	LIKE	35db76b3-e0ee-46f1-bba8-9ec4f51125b3	c97f745e-67a2-4cc8-8bd1-1ef61f51ccac	655752d6-e5ff-4665-bda9-4bd7c0a4b630	2	2026-04-22 09:55:59.858467+00
6111020a-d23d-4c81-a673-3e119f4df822	LIKE	admin-test	c97f745e-67a2-4cc8-8bd1-1ef61f51ccac	655752d6-e5ff-4665-bda9-4bd7c0a4b630	2	2026-04-22 09:55:59.858467+00
2843e516-4e8a-460e-a776-1cb8f628acfb	CUPID	9c8a59fb-8489-48be-b323-75de6c9569b2	291be271-e633-4489-ada4-fdd783dbae6b	655752d6-e5ff-4665-bda9-4bd7c0a4b630	2	2026-04-22 09:55:59.858467+00
c325681b-0bf5-4937-88f7-7e781893c873	LIKE	a221faae-813b-46a3-be2e-36e6c2e102ba	45d75063-b40d-4956-8010-a0c83698d91d	655752d6-e5ff-4665-bda9-4bd7c0a4b630	2	2026-04-22 09:55:59.858467+00
41b195ba-4b1d-43fc-a339-a9dd99b45b74	LIKE	628152ff-ffbb-42bc-8483-81aa6b844935	e47cc0aa-8443-415d-bc2b-e91b0fb91329	655752d6-e5ff-4665-bda9-4bd7c0a4b630	1	2026-04-22 09:55:59.858467+00
88921eb3-7dcf-416f-80da-5ecf90a544af	LIKE	c97f745e-67a2-4cc8-8bd1-1ef61f51ccac	45d75063-b40d-4956-8010-a0c83698d91d	655752d6-e5ff-4665-bda9-4bd7c0a4b630	1	2026-04-22 09:55:59.858467+00
cd2d3f5a-52fe-416c-bb66-08b76d41aa04	LIKE	a221faae-813b-46a3-be2e-36e6c2e102ba	498083fe-5a97-4f9e-8e2f-83e82c8b908d	655752d6-e5ff-4665-bda9-4bd7c0a4b630	2	2026-04-22 09:55:59.858467+00
8a46cd1f-14dc-44b1-a491-2302d89084f3	LIKE	4acf2cf4-43d8-4b43-9c9e-1528d1d0d23e	498083fe-5a97-4f9e-8e2f-83e82c8b908d	655752d6-e5ff-4665-bda9-4bd7c0a4b630	1	2026-04-22 09:55:59.858467+00
1b2234d9-9456-4da8-b301-4258cafd1a27	LIKE	9c8a59fb-8489-48be-b323-75de6c9569b2	45d75063-b40d-4956-8010-a0c83698d91d	655752d6-e5ff-4665-bda9-4bd7c0a4b630	1	2026-04-22 09:55:59.858467+00
7caf5b79-3b4f-4567-a7c2-0d527d24a85b	CUPID	a0647905-4d5c-40df-a673-0f0673d86fbc	45d75063-b40d-4956-8010-a0c83698d91d	655752d6-e5ff-4665-bda9-4bd7c0a4b630	2	2026-04-22 09:55:59.858467+00
927efe74-2b5d-416d-a2c7-690f03a5616b	CUPID	e6739792-520a-4299-a022-a716f3ff378a	498083fe-5a97-4f9e-8e2f-83e82c8b908d	655752d6-e5ff-4665-bda9-4bd7c0a4b630	2	2026-04-22 09:55:59.858467+00
9f56f660-1a85-4df5-b050-3ce0c62bedf0	CUPID	35db76b3-e0ee-46f1-bba8-9ec4f51125b3	c97f745e-67a2-4cc8-8bd1-1ef61f51ccac	655752d6-e5ff-4665-bda9-4bd7c0a4b630	2	2026-04-22 09:55:59.858467+00
5afa6ad7-4044-4959-9b5b-dc67085a38ec	LIKE	e6739792-520a-4299-a022-a716f3ff378a	a0647905-4d5c-40df-a673-0f0673d86fbc	655752d6-e5ff-4665-bda9-4bd7c0a4b630	1	2026-04-22 09:55:59.858467+00
ca550123-2d5e-4bb4-a3bb-2545a71a4112	LIKE	bd26e613-4d29-49f2-a2cf-2b50e7abba32	628152ff-ffbb-42bc-8483-81aa6b844935	655752d6-e5ff-4665-bda9-4bd7c0a4b630	1	2026-04-22 09:55:59.858467+00
d4ecafd4-48e6-4bed-bcd3-335ca1476840	LIKE	35db76b3-e0ee-46f1-bba8-9ec4f51125b3	8e88bba6-d8cc-43a5-b9b4-503ad4453fee	655752d6-e5ff-4665-bda9-4bd7c0a4b630	1	2026-04-22 09:55:59.858467+00
1469d033-76a4-41ff-bbe5-ea1fd8e70e70	LIKE	d349e094-308e-4b1b-8654-7824dc3b3c28	c97f745e-67a2-4cc8-8bd1-1ef61f51ccac	655752d6-e5ff-4665-bda9-4bd7c0a4b630	2	2026-04-22 09:55:59.858467+00
fa6c7288-ed02-40b1-b8ce-45f680579387	LIKE	291be271-e633-4489-ada4-fdd783dbae6b	e47cc0aa-8443-415d-bc2b-e91b0fb91329	655752d6-e5ff-4665-bda9-4bd7c0a4b630	1	2026-04-22 09:55:59.858467+00
be040901-7b75-4907-a745-6963c512b957	CUPID	a0647905-4d5c-40df-a673-0f0673d86fbc	e47cc0aa-8443-415d-bc2b-e91b0fb91329	655752d6-e5ff-4665-bda9-4bd7c0a4b630	1	2026-04-22 09:55:59.858467+00
cddcccc9-4cc7-484d-902d-1c5a7f707f65	LIKE	b6498937-d858-4d4b-957a-3fc7465dfdfd	f4af66ca-d8a5-4ea8-864c-6fc149cb1992	655752d6-e5ff-4665-bda9-4bd7c0a4b630	2	2026-04-22 09:55:59.858467+00
fc903b36-37d7-4c2e-b04c-e60c588eee5f	CUPID	898f6fc4-3385-425e-a1a4-485ba7c1e900	628152ff-ffbb-42bc-8483-81aa6b844935	655752d6-e5ff-4665-bda9-4bd7c0a4b630	2	2026-04-22 09:55:59.858467+00
2497be64-101b-4749-8c6c-24793d36761f	LIKE	e47cc0aa-8443-415d-bc2b-e91b0fb91329	a221faae-813b-46a3-be2e-36e6c2e102ba	655752d6-e5ff-4665-bda9-4bd7c0a4b630	2	2026-04-22 09:55:59.858467+00
05738bce-4af2-4c9d-b4be-80b7cbe6f264	LIKE	35db76b3-e0ee-46f1-bba8-9ec4f51125b3	b2a8afc9-4222-4cc6-8531-ecfff0c2bc2c	655752d6-e5ff-4665-bda9-4bd7c0a4b630	1	2026-04-22 09:55:59.858467+00
63dcfb3d-e78a-41f1-a7c7-1f75092a76f0	LIKE	628152ff-ffbb-42bc-8483-81aa6b844935	c97f745e-67a2-4cc8-8bd1-1ef61f51ccac	655752d6-e5ff-4665-bda9-4bd7c0a4b630	2	2026-04-22 09:55:59.858467+00
81542069-3c93-4912-9cf2-e045c64f68fe	LIKE	d349e094-308e-4b1b-8654-7824dc3b3c28	a0647905-4d5c-40df-a673-0f0673d86fbc	655752d6-e5ff-4665-bda9-4bd7c0a4b630	1	2026-04-22 09:55:59.858467+00
1a772a2b-f668-49b5-9042-e4380f95d3d1	CUPID	35db76b3-e0ee-46f1-bba8-9ec4f51125b3	628152ff-ffbb-42bc-8483-81aa6b844935	655752d6-e5ff-4665-bda9-4bd7c0a4b630	2	2026-04-22 09:55:59.858467+00
ad2b4f03-3bb5-44a9-a33d-3359b2a1cfc9	CUPID	9c8a59fb-8489-48be-b323-75de6c9569b2	45d75063-b40d-4956-8010-a0c83698d91d	655752d6-e5ff-4665-bda9-4bd7c0a4b630	2	2026-04-22 09:55:59.858467+00
db4ed73f-c92c-428e-8390-1fabb7eb4832	LIKE	e6739792-520a-4299-a022-a716f3ff378a	a221faae-813b-46a3-be2e-36e6c2e102ba	655752d6-e5ff-4665-bda9-4bd7c0a4b630	1	2026-04-22 09:55:59.858467+00
fc410b4d-e3c4-4ff3-a202-0f82aa4c8f44	LIKE	e47cc0aa-8443-415d-bc2b-e91b0fb91329	45d75063-b40d-4956-8010-a0c83698d91d	655752d6-e5ff-4665-bda9-4bd7c0a4b630	2	2026-04-22 09:55:59.858467+00
fb4d26ac-d366-4351-b698-aa5cf6b0a3a1	CUPID	d349e094-308e-4b1b-8654-7824dc3b3c28	291be271-e633-4489-ada4-fdd783dbae6b	655752d6-e5ff-4665-bda9-4bd7c0a4b630	1	2026-04-22 10:52:57.277164+00
65d8b213-eefa-4fed-ac39-0037a838659e	CUPID	a5a8093e-eca9-4a01-9b0b-26461ac73e23	1cd8c185-0f5c-48ae-9a97-4561d7ae61a5	655752d6-e5ff-4665-bda9-4bd7c0a4b630	1	2026-04-22 12:14:50.311489+00
959c367f-4316-48e0-beb2-b354993b9514	CUPID	a5a8093e-eca9-4a01-9b0b-26461ac73e23	1cd8c185-0f5c-48ae-9a97-4561d7ae61a5	655752d6-e5ff-4665-bda9-4bd7c0a4b630	1	2026-04-22 12:15:05.807246+00
45b2454c-647c-4b19-9701-fd94ea9a4ca9	LIKE	a5a8093e-eca9-4a01-9b0b-26461ac73e23	1cd8c185-0f5c-48ae-9a97-4561d7ae61a5	655752d6-e5ff-4665-bda9-4bd7c0a4b630	1	2026-04-22 12:15:26.297203+00
9ff1e511-b530-45bf-9ebe-eda29d54450b	LIKE	a5a8093e-eca9-4a01-9b0b-26461ac73e23	897ed717-bf30-44dc-9cd8-034a8a5bc997	655752d6-e5ff-4665-bda9-4bd7c0a4b630	1	2026-04-23 06:54:11.901018+00
9b1d73ce-c322-438b-b343-cc511b67b636	LIKE	a5a8093e-eca9-4a01-9b0b-26461ac73e23	dfe52389-394f-4af5-b86d-97b28664b00a	655752d6-e5ff-4665-bda9-4bd7c0a4b630	1	2026-04-23 06:55:10.689058+00
a8c3f9e0-5a30-4f94-aebf-528ce9d6215f	CUPID	dfe52389-394f-4af5-b86d-97b28664b00a	a5a8093e-eca9-4a01-9b0b-26461ac73e23	655752d6-e5ff-4665-bda9-4bd7c0a4b630	1	2026-04-23 06:58:37.241503+00
b5e115ee-f2ef-46ba-9356-e9c65e754e5d	CUPID	dfe52389-394f-4af5-b86d-97b28664b00a	a5a8093e-eca9-4a01-9b0b-26461ac73e23	655752d6-e5ff-4665-bda9-4bd7c0a4b630	1	2026-04-23 06:58:48.0445+00
fd1bfcca-f402-41bb-81b4-2660b9f21e72	heart	df16dd74-59c1-495b-8093-9e6ba640ebaa	a5a8093e-eca9-4a01-9b0b-26461ac73e23	\N	1	2026-04-26 07:23:46.163912+00
d71c9a92-c507-4d87-8199-38d8ac61becc	heart	df16dd74-59c1-495b-8093-9e6ba640ebaa	a5a8093e-eca9-4a01-9b0b-26461ac73e23	\N	1	2026-04-26 07:27:16.610395+00
a38a9a2f-83b3-4423-9730-f63da6929750	cupid	a5a8093e-eca9-4a01-9b0b-26461ac73e23	df16dd74-59c1-495b-8093-9e6ba640ebaa	\N	1	2026-04-26 07:29:51.314222+00
8da05484-1a20-4a64-80ae-3448d364a854	cupid	a5a8093e-eca9-4a01-9b0b-26461ac73e23	df16dd74-59c1-495b-8093-9e6ba640ebaa	\N	1	2026-04-26 07:30:59.219328+00
a82b6f9b-fc7a-48f2-ba9e-131072d9f077	cupid	a5a8093e-eca9-4a01-9b0b-26461ac73e23	df16dd74-59c1-495b-8093-9e6ba640ebaa	\N	1	2026-04-26 07:32:24.213414+00
2fcffa9b-248b-4d49-9c98-9e890f35e0bd	heart	a5a8093e-eca9-4a01-9b0b-26461ac73e23	df16dd74-59c1-495b-8093-9e6ba640ebaa	\N	1	2026-04-26 07:33:20.340559+00
\.


--
-- Data for Name: messages; Type: TABLE DATA; Schema: public; Owner: postgres
--

COPY "public"."messages" ("id", "created_at", "sender_id", "receiver_id", "content", "is_read") FROM stdin;
bd3bba0c-a5a3-49e6-8907-60f4e0adad07	2026-04-22 04:09:39.959291+00	e6739792-520a-4299-a022-a716f3ff378a	\N	Hello World	f
12c43ad0-c783-485c-9373-79b8ea49bece	2026-04-26 07:27:40.288482+00	df16dd74-59c1-495b-8093-9e6ba640ebaa	a5a8093e-eca9-4a01-9b0b-26461ac73e23	쪽지 보내기...	f
c5c033df-abbc-4d4d-bf93-eb06dda8cf64	2026-04-26 07:33:36.332882+00	a5a8093e-eca9-4a01-9b0b-26461ac73e23	df16dd74-59c1-495b-8093-9e6ba640ebaa	쪽지 보내기	f
\.


--
-- Data for Name: nickname_history; Type: TABLE DATA; Schema: public; Owner: postgres
--

COPY "public"."nickname_history" ("id", "participant_id", "old_nickname", "new_nickname", "created_at") FROM stdin;
cfa5e4ae-bb71-40b3-a717-3d2e95350969	a5a8093e-eca9-4a01-9b0b-26461ac73e23	불여우	불여우수정	2026-04-26 07:20:58.542373+00
\.


--
-- Data for Name: parties; Type: TABLE DATA; Schema: public; Owner: postgres
--

COPY "public"."parties" ("id", "name", "description", "start_at", "end_at", "status", "max_participants", "qr_anchor_url", "initial_hearts", "initial_cupids", "preset_type", "created_at", "updated_at") FROM stdin;
\.


--
-- Data for Name: session; Type: TABLE DATA; Schema: public; Owner: postgres
--

COPY "public"."session" ("id", "expiresAt", "token", "createdAt", "updatedAt", "ipAddress", "userAgent", "userId") FROM stdin;
m6RQtJIpySm8ryRUJAybJ1bQRsz7uK2D	2026-05-03	qcvK7TfIjutV3d8ZWSHO1DHccReiXWuq	2026-04-26	2026-04-26	127.0.0.1	curl/8.5.0	yXPg3GolWNcpzg9nXOyq45A4MGQS104c
QUwnZmZXUdrPDowanJ3X6uTKfuitctxn	2026-05-03	ziH49GajG0OFiOzJhbrPbMjk12RpqsRn	2026-04-26	2026-04-26	127.0.0.1	Mozilla/5.0 (Macintosh; Intel Mac OS X 10_15_7) AppleWebKit/537.36 (KHTML, like Gecko) Chrome/147.0.0.0 Safari/537.36	yXPg3GolWNcpzg9nXOyq45A4MGQS104c
AjHgVtSlVTysH9kbWPUgaOpF3feJlVqo	2026-05-03	bj6dPIrgObszOJcgFcV84SlXgdtQb4AT	2026-04-26	2026-04-26	127.0.0.1	Mozilla/5.0 (Macintosh; Intel Mac OS X 10_15_7) AppleWebKit/537.36 (KHTML, like Gecko) Chrome/147.0.0.0 Safari/537.36	yXPg3GolWNcpzg9nXOyq45A4MGQS104c
787wamy1gk3NYB8y9Iy3Ea8HtXr6HdVU	2026-05-03	Yv3iIDA5fl3HoRbAMZKdW0ZmKXPNsMqT	2026-04-26	2026-04-26	127.0.0.1	Mozilla/5.0 (Macintosh; Intel Mac OS X 10_15_7) AppleWebKit/537.36 (KHTML, like Gecko) Chrome/147.0.0.0 Safari/537.36	yXPg3GolWNcpzg9nXOyq45A4MGQS104c
3BrbngMgLllYEY83it9W8bqClesyM1r2	2026-05-03	ryhKWY9tZFirIlyi0Du1pvGWrY6VAyqD	2026-04-26	2026-04-26	127.0.0.1	Mozilla/5.0 (Macintosh; Intel Mac OS X 10_15_7) AppleWebKit/537.36 (KHTML, like Gecko) Chrome/147.0.0.0 Safari/537.36	yXPg3GolWNcpzg9nXOyq45A4MGQS104c
Jo70pqjjhhPxgQChWE5KlEiOsMrygbAm	2026-05-03	WcFcpiJz6y7hVIAXI3tbLpR8DdWSk98c	2026-04-26	2026-04-26	127.0.0.1	Mozilla/5.0 (Macintosh; Intel Mac OS X 10_15_7) AppleWebKit/537.36 (KHTML, like Gecko) Chrome/147.0.0.0 Safari/537.36	yXPg3GolWNcpzg9nXOyq45A4MGQS104c
3NuWO63XOyILlCMKEe1aalOnvmLxAY5v	2026-05-03	TND6CKpYR4h0Dmwjx3lYaYIkrZoW66vF	2026-04-26	2026-04-26	127.0.0.1	Mozilla/5.0 (Macintosh; Intel Mac OS X 10_15_7) AppleWebKit/537.36 (KHTML, like Gecko) Chrome/147.0.0.0 Safari/537.36	yXPg3GolWNcpzg9nXOyq45A4MGQS104c
pl1A9TZT2UCkXsNcP3CQ13WGrtfgVlR8	2026-05-03	RwAC08jNypjbWMNFVje00JioUu6ai7kO	2026-04-26	2026-04-26	127.0.0.1	curl/8.5.0	yXPg3GolWNcpzg9nXOyq45A4MGQS104c
yGdJ97owrOpEbWAkDhXLEdDsJI7yh5pB	2026-05-03	hnnoFLnYcsj3JV9cj3TmDsfMvt4U8ZQm	2026-04-26	2026-04-26	127.0.0.1	curl/8.5.0	yXPg3GolWNcpzg9nXOyq45A4MGQS104c
faMk3Nu37GGBMFcs5H8eEz1szvkpwEc4	2026-05-03	EK1ktEQd6pkg4Oqo1rtG1QtJLYahEBqX	2026-04-26	2026-04-26	127.0.0.1	Mozilla/5.0 (Macintosh; Intel Mac OS X 10_15_7) AppleWebKit/537.36 (KHTML, like Gecko) Chrome/147.0.0.0 Safari/537.36	yXPg3GolWNcpzg9nXOyq45A4MGQS104c
Y774EaSI2jBWwjKRNNed7ytqkFguChM1	2026-05-03	Gxm3qme5vxWQXvEdxdsDXqF1WDml3esK	2026-04-26	2026-04-26	127.0.0.1	Mozilla/5.0 (Macintosh; Intel Mac OS X 10_15_7) AppleWebKit/537.36 (KHTML, like Gecko) Chrome/147.0.0.0 Safari/537.36	yXPg3GolWNcpzg9nXOyq45A4MGQS104c
GwaiyOeLZl8QXBAssnY3AvLxeIiv2JBW	2026-05-04	TvDpqhFo7hQx51bcDWYOMZODaxtjafk6	2026-04-27	2026-04-27	127.0.0.1	Mozilla/5.0 (Macintosh; Intel Mac OS X 10_15_7) AppleWebKit/537.36 (KHTML, like Gecko) Chrome/147.0.0.0 Safari/537.36	yXPg3GolWNcpzg9nXOyq45A4MGQS104c
\.


--
-- Data for Name: system_settings; Type: TABLE DATA; Schema: public; Owner: postgres
--

COPY "public"."system_settings" ("key", "value", "updated_at") FROM stdin;
ranking_weights	{"like": 1, "cupid": 10, "message": 5}	2026-04-23 01:01:08.472487+00
\.


--
-- Data for Name: verification; Type: TABLE DATA; Schema: public; Owner: postgres
--

COPY "public"."verification" ("id", "identifier", "value", "expiresAt", "createdAt", "updatedAt") FROM stdin;
\.


--
-- Data for Name: buckets; Type: TABLE DATA; Schema: storage; Owner: supabase_storage_admin
--

COPY "storage"."buckets" ("id", "name", "owner", "created_at", "updated_at", "public", "avif_autodetection", "file_size_limit", "allowed_mime_types", "owner_id", "type") FROM stdin;
\.


--
-- Data for Name: buckets_analytics; Type: TABLE DATA; Schema: storage; Owner: supabase_storage_admin
--

COPY "storage"."buckets_analytics" ("name", "type", "format", "created_at", "updated_at", "id", "deleted_at") FROM stdin;
\.


--
-- Data for Name: buckets_vectors; Type: TABLE DATA; Schema: storage; Owner: supabase_storage_admin
--

COPY "storage"."buckets_vectors" ("id", "type", "created_at", "updated_at") FROM stdin;
\.


--
-- Data for Name: objects; Type: TABLE DATA; Schema: storage; Owner: supabase_storage_admin
--

COPY "storage"."objects" ("id", "bucket_id", "name", "owner", "created_at", "updated_at", "last_accessed_at", "metadata", "version", "owner_id", "user_metadata") FROM stdin;
\.


--
-- Data for Name: s3_multipart_uploads; Type: TABLE DATA; Schema: storage; Owner: supabase_storage_admin
--

COPY "storage"."s3_multipart_uploads" ("id", "in_progress_size", "upload_signature", "bucket_id", "key", "version", "owner_id", "created_at", "user_metadata", "metadata") FROM stdin;
\.


--
-- Data for Name: s3_multipart_uploads_parts; Type: TABLE DATA; Schema: storage; Owner: supabase_storage_admin
--

COPY "storage"."s3_multipart_uploads_parts" ("id", "upload_id", "size", "part_number", "bucket_id", "key", "etag", "owner_id", "version", "created_at") FROM stdin;
\.


--
-- Data for Name: vector_indexes; Type: TABLE DATA; Schema: storage; Owner: supabase_storage_admin
--

COPY "storage"."vector_indexes" ("id", "name", "bucket_id", "data_type", "dimension", "distance_metric", "metadata_configuration", "created_at", "updated_at") FROM stdin;
\.


--
-- Name: refresh_tokens_id_seq; Type: SEQUENCE SET; Schema: auth; Owner: supabase_auth_admin
--

SELECT pg_catalog.setval('"auth"."refresh_tokens_id_seq"', 123, true);


--
-- PostgreSQL database dump complete
--

-- \unrestrict YdQMIEAC9xZuphA0ayed4QIYPF58Own0aDmZcZe9mDwsQEXuQ0PuhOpsCpHfRKv

RESET ALL;
